EF48,TAETIGKEITSSCHLUESSEL4,EF41,EF10,B27,EF40,EF16U2
7.989620997945064,1,39,2,aa,8,3
14.895472254570326,1,77,2,aa,32,2
19.297875513825254,1,69,2,aa,49,2
25.03677809399654,2,69,2,aa,40,3
40.01318835381892,1,75,2,aa,19,4
40.0135511388179,2,52,2,aa,32,2
40.15079749467428,2,70,2,aa,38,2
41.984345740180366,2,63,1,aa,51,3
42.97503970647966,1,70,1,aa,41,7
43.30563076396788,1,70,1,aa,35,2
47.22962749324878,1,50,1,aa,25,1
47.55202600380056,1,75,1,aa,14,2
52.348686568743865,1,76,1,aa,57,2
55.28971949185133,1,40,1,aa,51,2
56.07457111580243,1,36,1,aa,41,7
59.04117721585695,2,58,1,aa,54,7
60.70854402357078,2,56,1,aa,15,2
62.12858281240463,2,55,1,aa,15,2
62.168100349642174,2,41,1,aa,24,7
64.85048613929256,1,24,2,aa,17,7
64.96233390428968,1,41,2,aa,36,7
65.13359126154872,1,39,2,aa,36,3
67.12705487957884,1,69,2,aa,51,4
68.89223667055548,1,23,2,aa,51,4
69.2876169683399,2,24,2,aa,51,7
70.28753993594809,2,15,2,aa,6,1
71.75169639182437,2,36,2,aa,6,7
88.33451872904051,2,71,2,aa,47,6
88.40091638032541,2,26,2,aa,52,5
89.24804897601184,2,30,2,aa,56,5
91.38972468944402,2,15,2,aa,33,1
91.42307433493143,2,35,2,aa,5,5
93.1413075868293,2,74,1,aa,41,4
93.25293922384483,2,53,2,aa,47,6
93.44914416598552,2,74,2,aa,47,5
94.1510470767586,1,34,1,aa,32,7
95.71087471757984,2,71,1,aa,32,6
104.19173910355238,2,63,1,aa,28,6
105.14615679361145,1,32,2,aa,56,5
106.93543687683989,2,43,2,aa,60,6
107.42894067782387,2,22,2,aa,35,7
108.2630565742912,2,14,1,aa,19,5
109.30390254903082,2,49,2,aa,3,1
109.93560579550356,2,63,1,aa,36,5
111.9890474627945,2,41,2,aa,26,5
112.00974775694576,2,53,1,aa,44,3
112.78547622231929,2,36,1,aa,59,5
113.46193128234864,2,52,2,aa,5,6
113.8055967600453,2,69,2,aa,34,5
113.8977728283026,2,33,1,aa,12,5
114.70265884001151,2,69,1,aa,33,6
114.76842164113968,1,58,1,aa,24,5
115.62093406998257,1,44,1,aa,24,4
116.06331175063774,1,36,1,aa,35,6
116.40297641673897,1,63,1,aa,7,1
116.48524730439591,1,68,2,aa,12,5
117.71514348783691,1,69,1,aa,27,5
117.85136398813997,1,18,1,aa,46,6
133.19008547049012,1,15,1,aa,29,2
134.5116317802101,1,86,1,aa,9,7
136.8341754718225,1,87,1,aa,30,7
140.97355922992807,1,25,1,aa,52,2
142.46611939780428,1,87,1,aa,62,7
142.96949528883215,1,87,1,aa,33,1
143.134998064141,1,87,1,aa,53,4
143.8469771550496,1,63,1,aa,19,1
144.15732320556026,1,26,1,aa,33,2
149.56252500052676,1,87,2,aa,52,2
152.89088879490106,1,87,2,aa,59,2
157.26221648049287,2,87,2,aa,9,4
157.69706650435708,2,86,2,aa,37,7
159.48671143555765,2,87,2,aa,40,7
159.60685737245106,2,87,2,aa,43,2
159.8307440365755,2,63,2,aa,3,4
177.48651237195836,2,18,2,aa,12,1
177.90824605203284,2,86,2,aa,28,1
178.3670240562278,2,49,2,aa,44,1
182.19137277103238,2,50,2,aa,48,7
182.93788465037377,1,87,1,aa,38,1
184.02097832637423,1,87,1,aa,12,6
186.52697153378938,1,87,2,aa,54,6
188.227607024851,1,16,1,aa,11,3
188.3117254232535,1,87,1,aa,8,6
190.1922578186399,1,16,2,aa,50,3
190.3218235122835,1,39,1,aa,1,3
191.6608262647224,1,86,2,aa,42,4
193.65210191817744,1,16,1,aa,47,6
194.2831358657801,1,46,2,aa,47,6
195.082303525835,1,19,2,aa,42,4
195.47490600878874,2,24,1,aa,7,3
198.29390287514516,2,26,1,aa,14,7
199.12624161432,2,35,2,aa,29,6
200.02085248498457,2,58,1,aa,38,7
205.4032176712266,2,76,2,aa,25,7
205.69827163718818,2,62,1,aa,62,7
212.76838297963081,2,38,2,aa,27,7
212.79849771170896,2,57,2,aa,6,3
213.04077138641176,2,19,2,aa,49,3
240.31373850782887,2,38,2,aa,43,3
244.47261841316583,2,38,2,aa,58,4
245.13585673927417,2,37,2,aa,11,3
247.90855173661487,2,18,2,aa,43,3
257.04027882481233,1,62,1,aa,26,2
261.7778429879778,1,43,1,aa,23,4
262.48714866050267,1,20,1,aa,5,7
262.831662904866,1,66,1,aa,57,6
263.67955538007857,1,25,1,aa,63,5
263.88957566797194,1,89,1,aa,33,5
264.9607052339338,1,83,1,aa,56,2
264.9929168622848,1,62,1,aa,17,5
265.3808645905381,1,20,1,aa,26,4
266.78702598741523,1,66,1,aa,47,5
267.27184084532837,1,37,1,aa,20,6
268.6103873726517,1,37,1,aa,18,6
269.1263708519418,1,20,2,aa,31,2
269.4788644327998,1,66,2,aa,61,6
270.93874444411034,2,81,2,aa,10,2
273.0792045031188,2,40,2,aa,24,2
278.7672987392745,2,89,2,aa,56,2
278.7831611586989,2,61,2,aa,23,5
281.4728758316224,2,64,2,aa,11,4
305.4309485854691,2,63,2,aa,10,5
305.59023635826503,2,90,2,aa,56,4
309.3893716062717,2,19,2,aa,57,4
310.13751126484846,2,14,2,aa,18,5
310.4454394878656,2,16,2,aa,11,4
311.59792546560084,2,63,2,aa,18,4
328.1889889157565,1,62,2,aa,22,7
329.4226767978485,2,62,2,aa,35,3
330.31965769648485,2,18,2,aa,57,3
330.7730518297954,2,67,2,aa,16,3
331.6595218534317,2,63,1,aa,45,3
331.7104977514851,2,41,2,aa,14,7
332.37606341078725,1,81,2,aa,63,2
333.2078509980269,2,62,2,aa,63,7
333.471458337275,2,67,1,aa,34,3
334.0579585585302,2,20,2,aa,57,3
334.6221377984145,2,80,2,aa,10,1
334.7536571878771,2,67,2,aa,10,2
335.50035521904437,2,43,2,aa,33,7
335.9022749460575,2,62,2,aa,30,5
349.5713632706136,2,15,2,aa,30,5
349.7809870027756,2,45,2,aa,30,1
349.9167563554622,2,81,2,aa,30,5
351.35319144843805,1,29,1,aa,30,1
351.8441732034676,1,20,1,aa,47,7
351.9134772885424,1,87,1,aa,24,5
351.97598688512636,1,47,1,aa,28,1
376.0510859682256,2,66,2,aa,23,3
377.06418745055015,2,66,2,aa,16,3
377.1513306883483,1,67,1,aa,20,1
378.9494002228146,2,66,1,aa,56,1
379.39997670685773,1,67,1,aa,11,3
379.40673620582027,1,35,2,aa,16,7
381.86175235553753,1,88,2,aa,12,2
381.9477598745356,2,40,1,aa,59,1
382.9763947936892,1,66,2,aa,11,3
383.62193738262044,1,83,1,aa,46,7
383.74970424484343,1,47,1,aa,46,2
400.85473269010146,1,33,1,aa,29,2
400.94719985330755,1,83,1,aa,56,2
402.47665456461505,2,83,2,aa,20,2
402.54663445299104,2,82,2,aa,56,2
403.1351886332578,2,30,2,aa,44,2
403.5682375693596,2,48,2,aa,46,6
403.7098737416977,2,48,2,aa,46,6
403.9611774825437,1,36,2,aa,46,7
404.7481975423171,2,22,1,aa,57,7
407.42719018576656,2,20,2,aa,14,2
408.7118949494349,2,29,2,aa,5,2
412.2399578625341,1,87,2,aa,19,2
414.5052525064721,1,20,2,aa,19,2
415.09779222146676,2,74,2,aa,29,2
441.13297542791804,1,87,1,aa,29,2
442.0166442803835,2,47,1,aa,23,6
444.8721018897016,2,35,1,aa,27,7
450.7671225780603,2,50,1,aa,27,3
451.0036822096349,2,50,1,aa,27,3
451.02822228341336,2,50,1,aa,32,5
451.3012261147452,2,42,1,aa,32,3
452.5701534850815,2,81,1,aa,14,3
457.5240951407434,2,22,2,aa,2,3
458.8784712382656,2,42,2,aa,3,4
459.18372033043113,1,49,2,aa,3,3
460.7180369617797,1,50,2,aa,3,3
464.15614935217843,2,86,1,aa,25,4
465.0706066422026,1,35,1,aa,2,4
465.4494890852101,1,75,1,aa,24,5
466.25886872685527,1,75,2,aa,3,7
466.5543159720477,1,20,1,aa,15,5
467.1823065422203,1,25,1,aa,15,5
467.59920254604094,1,75,1,aa,2,5
467.73566690951316,2,40,2,aa,24,5
468.4277902146714,2,20,2,aa,24,3
469.4230883371943,1,19,2,aa,22,3
469.4880746925337,1,32,1,aa,14,3
469.94105026663556,1,81,2,aa,2,6
471.5197486234424,1,20,2,aa,32,3
497.3888705345172,1,72,2,aa,56,3
499.746126817253,2,82,2,aa,56,3
500.93365811167064,2,74,2,aa,56,5
501.4215227446361,2,46,2,aa,56,4
502.04004936437707,2,49,2,aa,61,3
505.44611595221926,1,73,2,aa,61,3
507.205584935203,1,17,2,aa,24,4
508.51024635600373,2,37,2,aa,16,3
509.28579061948847,2,30,2,aa,60,5
510.92351807992674,2,49,2,aa,30,5
511.05435650580995,1,49,2,aa,27,7
513.4518089287467,2,53,2,aa,33,7
515.2129672409085,1,87,2,aa,31,4
516.1157377106318,2,21,2,aa,31,7
520.3062753672019,2,83,2,aa,25,7
523.4031388964205,2,56,1,aa,36,3
524.1361153491107,1,70,1,aa,57,4
525.7023056322519,1,70,1,aa,57,3
526.1828826758497,1,18,2,aa,55,7
526.1994175804557,1,30,2,aa,60,3
526.7497241563215,1,72,1,aa,49,6
527.2141220830854,2,56,1,aa,48,3
528.5506063475407,2,39,2,aa,5,3
531.0486529231594,2,56,1,aa,55,6
531.0962213244014,2,76,2,aa,6,7
531.300064167619,2,73,1,aa,0,7
533.815207459064,2,56,2,aa,62,7
534.7362149587427,1,15,1,aa,33,6
534.9424907991139,2,14,1,aa,43,7
535.9763533184342,1,54,2,aa,28,6
546.0231399045865,2,37,2,aa,52,1
549.5917543557345,2,47,2,aa,54,5
551.2499022135195,1,24,2,aa,61,2
552.4882473099733,1,47,2,aa,30,6
553.4098540360599,1,15,2,aa,36,7
553.8512266953488,1,16,2,aa,54,2
554.0388521390009,1,89,2,aa,6,7
555.3383292251137,1,34,2,aa,60,1
555.5905201046153,1,90,2,aa,43,5
556.6126009620522,1,87,2,aa,0,6
561.2071926860507,1,41,2,aa,36,1
566.4453486322336,1,44,2,aa,34,5
569.1610142807675,1,44,2,aa,37,1
575.7188848339417,1,54,2,aa,51,7
592.785318602747,2,82,2,aa,10,1
592.814815188638,2,69,2,aa,10,1
592.9893301812344,2,54,2,aa,5,2
593.5941006552436,2,32,2,aa,55,7
597.5742949185836,2,27,2,aa,10,7
600.8618026651696,2,69,2,aa,47,7
603.0839901517502,2,42,2,aa,29,7
606.9349179293681,2,78,2,aa,55,7
616.1743676555344,1,40,2,aa,16,2
616.5074723620642,1,40,2,aa,16,2
616.780310429783,1,86,1,aa,29,7
616.7851935351609,2,47,1,aa,40,4
616.9389435031361,2,75,1,aa,40,5
617.1069363277921,1,70,2,aa,35,5
617.42154063295,1,58,1,aa,36,2
617.927396645753,1,58,1,aa,50,3
618.4955250611108,1,83,1,aa,27,3
618.7577393269853,2,45,1,aa,27,5
619.1919972283112,2,55,2,aa,54,5
621.2570492925427,1,31,1,aa,33,1
621.6411238301571,1,35,1,aa,54,5
621.7650789675696,1,52,2,aa,27,2
622.2639606133662,1,70,1,aa,31,4
623.459025971999,2,22,1,aa,32,3
623.8876399201431,1,40,1,aa,31,3
626.1490698530099,1,51,1,aa,1,3
626.2161190494093,2,40,1,aa,17,1
630.1447683084131,2,40,1,aa,1,2
630.9871398731391,2,50,1,aa,2,2
632.5934477161666,1,52,1,aa,1,5
634.902679445878,1,73,1,aa,36,2
638.0477409458011,1,38,1,aa,36,2
640.4492313125293,1,67,1,aa,47,3
643.6019246041524,1,83,1,aa,17,3
644.8446933639165,1,67,2,aa,42,2
644.9571995454393,1,34,2,aa,19,4
646.6404541729559,1,17,1,aa,1,6
652.5827259652932,1,15,1,aa,37,1
654.2793148129713,1,45,2,aa,0,5
680.8536457700958,2,63,1,aa,19,5
681.1958265369794,2,63,2,aa,48,4
681.7045746849823,2,89,1,aa,0,1
684.1023002051097,2,60,2,aa,0,4
684.7769499292075,2,15,2,aa,29,4
684.9433794317911,1,49,1,aa,35,4
685.0263189561907,2,83,1,aa,42,5
685.0638423154458,1,66,1,aa,46,3
685.2234286606661,2,34,1,aa,27,3
685.2838675016504,1,32,2,aa,45,6
685.5765189412094,2,64,1,aa,9,4
685.6161095693923,1,66,1,aa,23,6
686.6132898404934,1,64,1,aa,23,3
686.8818710910289,1,39,2,aa,2,2
686.9073312024875,2,87,1,aa,44,4
687.4100890482922,2,60,1,aa,31,4
687.5092785611986,2,90,1,aa,55,4
687.5189988237482,2,32,1,aa,60,1
687.586662886299,1,60,2,aa,23,6
687.8488556691882,2,24,2,aa,22,5
688.4349600712202,1,62,1,aa,54,5
689.4606646826237,1,21,2,aa,2,3
689.88045160913,1,64,1,aa,41,4
695.0814268817045,1,86,2,aa,38,4
699.889829301109,1,81,1,aa,37,3
701.7976581769237,1,64,1,aa,22,3
701.9557655995803,1,62,2,aa,47,1
702.5168071032547,1,28,2,aa,51,6
704.5167275263437,1,55,1,aa,46,5
705.4872031806722,1,47,1,aa,5,3
709.8169847625878,2,63,1,aa,4,6
709.9616755336123,1,15,1,aa,58,4
712.7515085578744,1,63,1,aa,43,1
713.6717267500586,2,53,1,aa,46,1
714.9568298349636,1,25,1,aa,61,1
715.406365130658,2,26,2,aa,49,6
715.6283418091865,2,52,2,aa,4,4
716.0424075533828,2,89,2,aa,43,5
718.201467221237,1,24,1,aa,46,2
718.3589447286223,2,49,2,aa,41,3
718.4094380687171,2,26,2,aa,54,4
727.580017089844,1,26,2,aa,42,1
727.580017089844,2,46,2,aa,42,2
727.580017089844,2,66,2,aa,0,2
727.580017089844,2,35,1,aa,37,4
727.580017089844,2,66,1,aa,4,2
727.580017089844,2,31,1,aa,4,1
729.8029340517733,2,67,2,aa,58,4
730.4976916352529,1,67,2,aa,23,2
731.6580526897185,1,14,2,aa,1,5
732.1173554109504,2,90,1,aa,27,1
732.2604977850509,1,18,2,aa,58,5
732.8322119356044,1,60,1,aa,52,2
733.5261234041483,1,60,1,aa,61,5
754.0212384408142,1,16,1,aa,56,2
755.1015921062101,1,64,2,aa,29,2
763.2360352776178,1,64,1,aa,55,2
767.7422259760485,1,32,2,aa,46,2
769.0153184524747,1,46,2,aa,30,7
769.0331700273961,1,41,2,aa,63,7
770.5978262988355,1,73,2,aa,60,2
771.1476600077169,1,87,2,aa,60,4
773.2589220516523,2,46,2,aa,19,5
773.7946197215045,2,47,2,aa,19,5
774.7372343028795,2,14,2,aa,51,6
775.6978625013456,2,62,2,aa,36,7
776.70533390443,2,22,2,aa,36,6
777.065056786558,2,63,2,aa,20,4
777.3191890607088,2,59,1,aa,43,6
778.2309656666924,2,87,1,aa,40,7
778.2488270095145,2,89,1,aa,40,7
779.9354946226,1,55,1,aa,37,5
781.2163835046678,1,58,1,aa,43,4
782.9108351054239,1,90,1,aa,51,5
788.9508185719806,1,32,1,aa,51,7
792.829660447504,1,79,1,aa,51,4
799.600674462178,1,17,1,aa,29,4
803.0454000599498,1,45,1,aa,14,7
804.6438458988077,1,84,1,aa,42,3
806.0257160495696,1,14,1,aa,35,5
813.1578398724421,1,63,1,aa,40,5
815.7028410504694,1,39,2,aa,40,5
816.305196647983,2,32,2,aa,48,7
816.3327681188655,2,20,1,aa,50,3
821.404602583534,2,79,1,aa,23,5
823.516832951874,1,14,1,aa,14,4
824.3990643476035,1,84,2,aa,6,6
827.3277200542435,2,50,1,aa,6,6
829.259396264532,1,70,1,aa,42,7
831.410056872922,1,78,1,aa,33,5
833.1109314719955,1,33,1,aa,63,2
833.5415791384667,2,55,1,aa,8,1
834.6951949525937,1,53,2,aa,37,1
836.4519252038524,2,33,2,aa,50,4
845.19812071187,1,39,1,aa,39,3
857.1259183578316,1,53,2,aa,29,4
857.4889229072943,1,32,2,aa,19,1
859.0896705596083,1,45,1,aa,20,3
864.1444615017999,1,46,1,aa,51,6
868.1664036392712,1,32,2,aa,51,4
868.9006647100956,1,67,2,aa,28,1
887.4268481528944,1,86,1,aa,32,5
887.6238679034255,1,51,2,aa,16,1
888.45706843534,1,74,1,aa,63,6
895.8285456841057,1,35,1,aa,16,5
896.326224877861,1,71,2,aa,23,1
896.4062944783338,1,16,2,aa,15,1
897.751114891582,1,67,2,aa,23,7
898.3489008360458,1,64,2,aa,4,1
904.2154996317216,2,26,2,aa,63,2
907.4279245051912,2,26,2,aa,63,7
908.0437744474813,2,27,2,aa,63,2
909.6913982252016,2,61,2,aa,5,1
911.1375246172789,2,27,2,aa,43,5
911.277973137692,2,51,2,aa,13,7
911.3554544195252,2,53,2,aa,35,1
920.3907134010657,2,70,2,aa,40,5
920.7360273742422,2,88,2,aa,13,1
922.4074509190758,2,48,2,aa,63,2
923.879267370419,2,25,1,aa,20,1
924.3063570955904,1,60,1,aa,48,4
925.0584402051486,2,79,1,aa,63,4
925.253657767807,2,90,1,aa,39,1
925.3916663632983,1,89,1,aa,62,5
925.5467224059294,1,74,1,aa,36,2
925.6143517250442,1,18,1,aa,63,1
926.0138819684933,1,74,1,aa,63,6
926.4506796338911,1,83,1,aa,37,1
926.638317641464,1,69,1,aa,43,6
927.6155232121666,1,83,1,aa,32,1
927.8775380174159,1,25,1,aa,48,2
928.2829549327731,1,69,1,aa,62,1
932.66696087107,1,63,1,aa,19,5
935.2327608513825,1,14,2,aa,48,4
936.2244838500521,1,33,2,aa,57,2
936.7828316779319,1,68,2,aa,34,5
940.1709006068824,1,49,1,aa,48,1
946.7674754257066,1,37,2,aa,50,6
947.3864353899863,1,14,2,aa,63,6
947.5562047306892,1,83,2,aa,43,2
948.424883094127,1,78,2,aa,50,4
950.4975953005762,2,41,1,aa,6,5
952.2821162383804,2,83,1,aa,56,1
953.6457755183491,2,62,2,aa,31,4
954.5029228485453,2,44,1,aa,49,3
954.8307737287801,2,39,2,aa,31,3
956.9159960590978,2,44,2,aa,18,4
957.2254700397801,2,39,2,aa,38,4
965.9719191875008,2,70,2,aa,15,3
966.943950223,2,64,2,aa,41,4
968.568415573483,2,62,2,aa,56,6
968.617703668565,2,80,1,aa,30,4
969.4798708542912,2,73,2,aa,11,3
969.7876047018394,2,80,1,aa,41,4
970.579173308856,2,62,2,aa,38,3
970.8645985121508,2,59,2,aa,15,3
971.099422821933,2,70,1,aa,23,3
971.6553468310516,2,25,1,aa,13,2
973.744375283576,2,67,1,aa,37,3
973.7952329659989,1,80,2,aa,13,6
974.4242180315805,1,25,1,aa,61,5
977.6033023938976,1,63,1,aa,14,6
978.2149048795601,1,47,1,aa,18,6
983.4073151813359,1,63,1,aa,34,2
986.7657148524813,2,63,1,aa,9,5
988.3761958947522,2,90,1,aa,14,5
992.9461243099645,1,77,2,aa,28,7
997.8361595642194,1,46,1,aa,38,2
1003.6445905226193,1,46,2,aa,56,7
1007.8777238561235,1,78,2,aa,56,5
1009.0099802961843,1,76,1,aa,56,7
1009.7923992258911,1,60,2,aa,56,2
1014.7768335771669,2,40,2,aa,39,2
1017.9134296439962,2,70,2,aa,34,7
1021.6536797962318,1,79,2,aa,48,2
1025.953287679727,1,25,1,aa,56,3
1027.0523245180834,1,44,1,aa,53,3
1027.0709085794183,1,29,1,aa,16,2
1029.2766890235157,1,34,1,aa,50,3
1030.3457209379626,1,59,1,aa,16,3
1030.790176605637,1,59,1,aa,30,5
1033.611929184543,1,59,1,aa,49,2
1037.423135341852,1,70,1,aa,2,3
1040.0661519665407,1,57,1,aa,28,5
1040.3578128513564,1,59,1,aa,51,3
1041.592683069944,1,64,1,aa,16,5
1042.462535091207,2,17,1,aa,32,5
1042.704403233944,2,29,2,aa,17,5
1043.7340304175702,1,70,1,aa,31,7
1045.1132718015613,1,82,2,aa,54,1
1045.5124670076318,2,59,2,aa,9,5
1045.7583045022159,2,57,2,aa,23,7
1046.22276001921,2,32,2,aa,35,6
1046.7646803279627,2,44,2,aa,49,5
1046.835062980316,2,81,2,aa,17,4
1048.8223585944677,2,83,2,aa,15,7
1053.015045047773,2,32,2,aa,9,1
1055.6713252672214,2,76,1,aa,54,7
1055.7463206017533,2,82,2,aa,59,7
1056.3092108880946,2,83,2,aa,8,7
1056.5857991020794,2,33,1,aa,55,1
1057.0423616813123,1,31,1,aa,3,1
1058.0351698982151,2,29,2,aa,17,7
1058.5925746314592,2,33,1,aa,8,6
1058.6431761209924,1,90,2,aa,31,6
1058.9863197941943,2,34,2,aa,53,2
1059.0335641696893,2,56,1,aa,57,1
1059.390559826396,1,73,1,aa,9,1
1059.4301768969076,2,79,2,aa,47,1
1059.7708976891604,2,89,2,aa,17,7
1059.943293139988,1,21,2,aa,3,7
1060.0217719595762,1,83,2,aa,17,7
1061.8072279926541,2,17,2,aa,54,1
1062.2423769350148,1,53,2,aa,57,1
1062.5933722128243,2,17,2,aa,33,7
1063.0657211402915,2,27,2,aa,53,6
1096.0775608067863,1,49,2,aa,0,6
1096.281619910594,1,25,2,aa,55,7
1097.5878266888778,1,59,2,aa,45,7
1098.5349913942782,1,57,2,aa,47,1
1099.1261061947962,1,32,1,aa,47,7
1099.5687323737782,1,59,1,aa,33,7
1099.6353760469106,1,65,2,aa,9,4
1099.6867821464068,1,80,1,aa,47,7
1101.8800182466666,1,47,1,aa,26,7
1102.168103313529,1,48,1,aa,13,5
1102.1827933708253,1,88,1,aa,50,4
1102.2103887201438,1,59,2,aa,22,2
1103.5300107533787,1,82,1,aa,13,2
1144.483563370844,1,35,1,aa,58,5
1146.5997650629895,2,59,1,aa,16,4
1146.9625446723192,2,27,1,aa,29,5
1147.3729699523333,2,88,1,aa,21,5
1148.807495173549,2,59,1,aa,16,4
1150.7320139319224,2,32,1,aa,50,5
1151.2532730325672,2,32,1,aa,30,2
1151.8046371541843,2,41,1,aa,25,4
1154.5316013914212,2,48,2,aa,59,6
1155.6199593494348,2,82,2,aa,29,6
1158.8878470944285,2,82,2,aa,59,2
1161.4952407776298,2,20,2,aa,58,1
1161.6801729548197,2,26,2,aa,22,1
1165.6525903989204,2,68,1,aa,15,2
1167.5923230090048,2,69,1,aa,20,3
1172.0609895468165,1,73,2,aa,27,1
1174.412195354851,1,55,1,aa,45,1
1174.4652998988688,2,18,1,aa,59,5
1175.5820852094887,1,81,2,aa,28,1
1177.2847538621684,1,30,2,aa,20,6
1177.4757387509733,1,54,1,aa,8,6
1178.0015302479942,2,23,2,aa,54,6
1178.2173174182594,1,77,2,aa,47,6
1185.558733483426,1,17,1,aa,8,1
1187.0739201740118,2,17,1,aa,47,3
1188.9746927339227,2,68,1,aa,15,1
1191.3310654941945,2,70,1,aa,15,1
1191.8680347567065,2,17,2,aa,31,4
1193.728835560395,2,45,2,aa,33,2
1200.5763948222518,2,80,1,aa,9,5
1202.7908507160816,2,76,1,aa,33,5
1205.6452936708029,2,51,2,aa,5,5
1206.3884801340218,2,19,1,aa,26,3
1207.36389913855,2,49,2,aa,23,1
1213.5758993089948,2,41,2,aa,9,3
1220.4166462769867,1,89,2,aa,14,6
1222.3240617266022,1,75,1,aa,12,2
1228.9916298363732,1,68,1,aa,12,2
1230.959820886599,1,50,2,aa,58,5
1236.752694044205,1,19,2,aa,58,6
1238.9649214294593,1,21,2,aa,50,6
1244.364299339338,1,21,2,aa,0,6
1247.8352002223646,1,88,1,aa,2,5
1252.9992909308332,2,50,1,aa,46,6
1255.26342938003,2,16,2,aa,28,5
1258.5838184103072,2,50,2,aa,46,3
1260.9247947375372,1,66,1,aa,46,6
1260.9634369378985,1,80,1,aa,50,6
1264.19250965264,2,53,1,aa,29,6
1279.7206845741607,2,70,1,aa,29,4
1280.0622523577133,1,41,2,aa,24,4
1281.1296222804635,1,41,2,aa,24,4
1283.1530932308865,1,81,2,aa,35,3
1283.3437653595277,1,77,2,aa,35,4
1285.2393544102183,1,18,2,aa,35,4
1287.6487237566143,1,87,2,aa,35,4
1289.037698843908,1,49,2,aa,59,3
1289.4599082468476,1,81,2,aa,35,3
1290.279376435973,1,81,2,aa,35,3
1291.4637962309246,1,58,2,aa,0,5
1292.0367134976952,1,16,1,aa,35,5
1293.1013587804186,1,17,1,aa,59,5
1295.5681608572672,1,35,1,aa,41,3
1296.5166911667372,2,18,1,aa,5,3
1297.1252753299752,2,41,1,aa,7,5
1299.2023134950634,2,36,1,aa,41,5
1300.5948187976019,2,63,1,aa,5,5
1300.9269473422519,2,47,1,aa,5,5
1302.1122537543895,2,41,1,aa,20,5
1303.0874769669783,2,17,1,aa,20,3
1318.724287554665,2,48,1,aa,20,5
1320.0698914320453,2,74,1,aa,20,5
1320.4386855926575,2,32,2,aa,40,2
1332.5133635809038,2,52,2,aa,40,5
1332.7327615703189,2,57,2,aa,40,3
1342.7845354350977,2,38,2,aa,5,3
1344.8282933561982,2,79,1,aa,19,1
1345.0029330317418,1,78,1,aa,61,6
1345.8114737276196,1,78,1,aa,0,1
1347.3314063637442,1,45,1,aa,7,1
1350.0014124749393,2,79,1,aa,7,4
1350.8125286276982,1,59,1,aa,61,1
1360.4565656440363,1,19,1,aa,5,4
1360.8749931640832,2,19,1,aa,5,6
1363.6139374426327,2,44,2,aa,5,1
1364.0321602586714,2,18,2,aa,26,6
1364.3046280302683,2,41,2,aa,34,1
1365.6350167502692,2,44,2,aa,34,1
1367.6343063633446,2,41,2,aa,34,1
1377.163834513281,2,47,2,aa,34,6
1377.4649470123898,2,47,2,aa,1,3
1378.1706072484235,1,47,2,aa,5,6
1381.910755055688,1,43,2,aa,18,3
1382.1146541050502,2,41,2,aa,19,4
1383.9022868139657,1,59,2,aa,5,3
1384.434772098122,2,40,2,aa,61,3
1385.063562589464,1,20,2,aa,33,3
1386.6018738031546,2,42,2,aa,58,2
1387.4845061131093,2,77,1,aa,33,3
1387.6710422925153,2,42,1,aa,20,6
1394.949934383836,2,45,1,aa,33,6
1397.2053561216806,2,46,1,aa,33,6
1397.4515554218156,1,23,1,aa,33,6
1397.4675633165548,1,22,1,aa,23,6
1399.1005421557124,2,63,1,aa,23,6
1399.1772831731214,1,87,1,aa,4,6
1399.7188770568196,1,46,1,aa,40,6
1411.4573860192947,1,37,2,aa,28,7
1413.2642884619524,1,57,2,aa,58,7
1415.0749315746973,1,48,2,aa,35,7
1425.287268954948,2,73,2,aa,63,3
1426.6245682607937,2,49,2,aa,43,3
1426.7754433065622,2,59,2,aa,18,7
1426.9104304984498,1,27,2,aa,19,2
1428.9555637154501,1,35,2,aa,40,7
1431.656350324976,2,49,1,aa,26,2
1444.5427954994896,2,20,1,aa,33,3
1445.584101301332,2,67,1,aa,28,6
1447.3493441125725,1,78,1,aa,61,3
1448.346278081707,1,49,1,aa,20,7
1448.9878126433664,1,67,1,aa,54,7
1454.4503834924421,1,73,1,aa,54,3
1455.798162559977,1,48,1,aa,54,3
1488.0820382230831,1,66,1,aa,55,7
1488.5840695076597,2,62,1,aa,3,3
1488.7250129501522,1,56,1,aa,28,5
1489.9734406949428,2,66,2,aa,5,2
1490.8467327225474,2,62,1,aa,5,1
1491.2651599244048,2,66,2,aa,25,1
1491.674232910584,2,66,2,aa,25,1
1492.4748475185875,1,39,1,aa,54,2
1501.6545216842771,2,81,1,aa,54,6
1506.2689269994698,1,27,2,aa,20,1
1508.2668470016863,1,26,2,aa,27,1
1510.2982585954378,1,64,2,aa,27,6
1510.9877045342778,2,26,2,aa,27,1
1512.6720367244466,2,64,2,aa,57,6
1513.1978809754285,2,52,2,aa,23,6
1513.2328537887624,1,25,2,aa,28,7
1513.9229481832585,1,64,1,aa,63,5
1516.8759794666496,1,25,2,aa,28,1
1517.9124935831437,2,25,1,aa,3,5
1518.2899466098365,1,79,1,aa,55,6
1518.451556010432,1,57,1,aa,55,6
1519.0608573093064,2,27,1,aa,26,1
1528.9388800891918,1,25,1,aa,55,3
1529.2666665840504,2,64,1,aa,26,6
1530.1174450601582,1,78,1,aa,19,1
1531.165015442044,2,84,1,aa,21,6
1532.7273259511512,2,25,1,aa,55,5
1533.0802046238568,2,16,1,aa,29,1
1533.3807131164615,1,62,1,aa,55,6
1533.832286835509,2,64,1,aa,56,5
1537.3732362625485,2,14,1,aa,14,2
1537.7390857578432,2,87,1,aa,13,3
1545.0754705565782,1,14,1,aa,12,3
1546.897246894774,2,89,1,aa,21,2
1549.4665861083963,1,78,1,aa,21,3
1560.2677548299328,2,14,2,aa,27,6
1560.3774661667132,1,33,2,aa,20,2
1561.4534820973138,1,45,2,aa,22,2
1561.8483519281908,1,77,1,aa,28,6
1562.583000640689,1,44,2,aa,28,3
1562.584279810645,2,42,1,aa,35,6
1563.2765692494158,1,25,2,aa,15,6
1567.1697530494744,2,14,1,aa,15,3
1568.2642944757963,2,53,1,aa,46,3
1568.2940728353608,1,49,2,aa,62,6
1569.125683840227,2,78,2,aa,60,6
1570.2896852175406,2,67,2,aa,60,4
1572.9023690024062,1,32,2,aa,22,4
1573.3646408058776,1,62,2,aa,22,6
1574.7006873876273,2,42,2,aa,38,6
1576.817899864413,2,36,2,aa,13,3
1577.188766518227,2,43,2,aa,44,7
1616.9959546069622,2,71,1,aa,34,4
1617.2769583407412,1,78,2,aa,34,1
1617.7171726392821,1,15,1,aa,48,1
1617.842144683409,2,82,1,aa,5,2
1618.0876099429413,2,45,2,aa,5,1
1618.0944855475918,1,81,2,aa,46,2
1620.055766924842,1,45,2,aa,61,1
1620.4386217163092,1,18,1,aa,46,2
1620.8161191477864,1,18,2,aa,46,1
1621.479690415876,2,78,2,aa,35,1
1623.282251658061,2,86,2,aa,47,1
1648.4201163241016,1,30,2,aa,47,7
1648.46921343812,1,80,1,aa,4,6
1648.8963755628838,1,50,1,aa,60,6
1648.934356838006,1,17,1,aa,47,6
1650.0778901514666,2,59,1,aa,13,1
1651.0621635395114,2,67,1,aa,2,4
1651.6498409824917,1,59,2,aa,2,1
1652.0047430555585,2,78,2,aa,63,1
1652.5890062964622,2,17,1,aa,1,6
1653.9228767261507,1,47,1,aa,35,6
1653.999097944829,2,18,1,aa,60,6
1654.4370558276282,2,36,1,aa,60,1
1654.4694708803834,1,18,1,aa,49,1
1654.7705813072118,1,59,1,aa,55,6
1655.05668421462,1,56,1,aa,45,6
1655.7178945962473,1,78,1,aa,63,1
1680.2732926273175,2,61,2,aa,42,4
1680.4038795848282,2,70,1,aa,43,5
1680.9365322244732,1,20,1,aa,46,4
1682.186425328853,1,49,2,aa,61,4
1684.0111471571097,1,20,2,aa,36,7
1684.313141648095,1,87,2,aa,44,7
1684.825141273577,1,38,2,aa,43,4
1686.2759458505561,1,89,1,aa,35,4
1687.1269360685885,1,51,2,aa,13,4
1687.3153426786032,2,54,1,aa,23,7
1687.943906925975,1,58,1,aa,29,7
1696.08316750506,1,66,2,aa,36,7
1696.3010787822118,1,63,1,aa,43,7
1696.6087098259245,2,81,2,aa,12,7
1698.8798386798562,2,60,2,aa,42,4
1701.3844577313996,1,58,2,aa,47,4
1704.9026814250496,2,20,2,aa,43,5
1705.027751745523,2,52,2,aa,42,5
1707.0943029128032,1,90,2,aa,22,7
1708.6799609461186,1,70,2,aa,47,5
1708.99567104285,1,58,2,aa,55,4
1709.2891443650915,2,20,2,aa,55,5
1718.7718739870425,2,23,2,aa,20,2
1722.3680695889732,2,50,1,aa,48,2
1723.3048488483244,2,84,1,aa,30,2
1727.8668263869843,2,84,1,aa,34,2
1734.015259347539,2,20,2,aa,33,7
1736.1771914686228,2,20,1,aa,33,7
1738.6847324428616,2,88,2,aa,3,7
1738.877086582822,2,37,1,aa,54,3
1742.104690070235,2,42,1,aa,46,2
1744.193239702536,2,89,2,aa,43,2
1744.6253503293226,2,35,2,aa,43,2
1751.4971514920833,2,20,2,aa,46,2
1754.2418627614447,2,30,2,aa,50,5
1755.4739129651862,2,83,2,aa,43,7
1755.5064990389124,2,20,2,aa,50,7
1755.8098716732882,2,37,2,aa,35,3
1757.5330526003781,2,20,2,aa,63,3
1758.3325392423612,1,20,2,aa,47,3
1758.7235445261683,1,45,2,aa,43,5
1779.3441724732895,1,21,1,aa,45,5
1779.4153945899536,1,64,1,aa,15,7
1780.184291599793,1,51,2,aa,45,4
1781.5071013446895,1,21,1,aa,5,4
1782.4206747109893,1,21,1,aa,36,4
1782.703358675054,1,21,1,aa,47,4
1783.009668878023,1,81,1,aa,54,4
1783.3869821519347,1,62,1,aa,52,4
1785.2630422776995,1,71,1,aa,52,4
1786.271306567586,1,62,1,aa,3,5
1789.642644939636,1,62,1,aa,63,2
1789.9570799215162,1,62,1,aa,52,2
1808.2312231995847,2,86,2,aa,5,2
1808.8156847014138,2,14,2,aa,8,5
1809.019650003223,2,38,2,aa,32,5
1810.205554084668,2,58,2,aa,44,5
1810.9788631673962,2,50,2,aa,23,5
1811.1070092771406,2,90,2,aa,63,5
1813.06683214136,2,20,2,aa,25,4
1813.6538447739244,2,48,2,aa,61,4
1814.565966995203,1,30,2,aa,23,1
1815.1898606585403,1,24,2,aa,13,5
1815.7409366809009,1,52,2,aa,9,1
1816.939523482595,1,37,1,aa,54,1
1817.1263892703214,2,38,1,aa,44,5
1818.777634107583,2,14,2,aa,63,2
1821.5156455293431,1,20,2,aa,6,5
1827.2762722717923,2,20,1,aa,50,2
1827.5850604504187,2,22,2,aa,23,6
1827.6980846917722,2,35,2,aa,26,5
1828.0807991334395,1,22,2,aa,44,1
1828.3632989177372,2,53,2,aa,29,2
1829.2456882036531,1,68,1,aa,54,2
1829.5604056311952,1,60,1,aa,49,2
1830.05792757875,1,42,1,aa,19,3
1831.3812376065634,1,68,1,aa,9,4
1831.5556504773501,2,20,1,aa,8,1
1840.3430562903718,1,20,2,aa,38,4
1841.641898662109,1,53,1,aa,63,5
1842.828440672858,2,68,1,aa,35,2
1843.3933789111334,1,53,1,aa,55,2
1844.294188639715,2,70,1,aa,61,2
1844.6164225143657,1,31,1,aa,18,3
1844.7425827891643,1,20,1,aa,4,2
1844.823148189931,1,27,1,aa,16,3
1844.825247898611,1,83,1,aa,63,3
1846.0873871145857,1,44,1,aa,27,1
1847.0195449244616,1,46,1,aa,33,1
1847.2305809896636,1,53,1,aa,54,2
1847.461177848022,1,55,1,aa,16,3
1847.8046946336426,1,82,2,aa,63,6
1847.9029830404431,1,36,2,aa,61,3
1858.097499141719,1,70,2,aa,13,1
1859.3795009392873,1,86,2,aa,28,5
1859.4539642962366,1,21,2,aa,31,1
1859.529683251914,2,21,2,aa,31,2
1860.684849171692,2,20,2,aa,13,3
1861.8621114590264,2,54,2,aa,63,2
1862.7153906895885,2,49,1,aa,8,1
1863.0106134504176,2,20,1,aa,63,1
1863.9256338237456,2,21,1,aa,35,3
1864.0258812547256,2,50,1,aa,48,5
1864.5968384664593,2,78,2,aa,17,1
1864.953089637416,2,79,1,aa,34,6
1864.9579147231939,2,79,2,aa,3,7
1865.1861959439893,1,35,1,aa,14,6
1866.0287700579606,1,79,1,aa,59,3
1866.3155606341638,1,79,1,aa,4,6
1866.6063821994867,1,78,1,aa,51,3
1867.9923562444496,2,79,2,aa,31,6
1868.0977716734385,2,51,1,aa,22,3
1869.5669481834582,2,66,2,aa,53,7
1869.942730109318,1,78,1,aa,22,7
1871.5728162258686,1,78,1,aa,20,7
1872.0636177409908,2,46,2,aa,44,7
1875.6414757036184,2,44,1,aa,44,3
1877.1327313794686,1,46,1,aa,44,7
1877.783184474298,1,44,2,aa,36,6
1879.7411295123165,2,32,1,aa,44,5
1881.1688551970965,2,69,2,aa,52,7
1883.2031552978349,1,36,1,aa,5,7
1884.5594687423124,1,87,2,aa,50,7
1887.4842535670032,1,51,1,aa,20,6
1890.8970653563417,2,78,1,aa,32,5
1894.782071571095,1,28,1,aa,14,4
1894.8579262421651,1,78,1,aa,63,4
1895.226905714422,1,60,1,aa,20,7
1900.903058642667,2,79,1,aa,38,7
1901.753909271467,2,79,1,aa,30,7
1901.8482674333243,2,79,2,aa,5,7
1901.9918892651053,1,79,2,aa,35,5
1902.3584320029315,1,60,2,aa,53,3
1912.2267503201915,1,37,1,aa,22,5
1912.4950823948393,2,79,2,aa,14,4
1912.5427703924959,2,26,1,aa,14,6
1912.6498441127815,2,81,2,aa,37,6
1914.1534315742988,2,21,2,aa,24,3
1914.1638243521274,2,33,2,aa,35,3
1915.5323181783833,2,45,2,aa,3,6
1915.7151453182944,2,32,1,aa,20,3
1916.1508780528136,2,30,1,aa,15,4
1916.412261258274,2,44,1,aa,54,3
1916.8895176087433,2,79,2,aa,54,2
1917.5196092540714,2,32,2,aa,58,4
1917.5852486575757,2,21,1,aa,14,3
1918.1761537197303,2,21,2,aa,36,6
1919.5834019529339,2,59,2,aa,34,4
1923.7125827030852,2,90,1,aa,36,4
1931.6675003773103,2,69,1,aa,37,2
1933.4947256719252,2,86,1,aa,10,3
1934.0888831229076,2,66,1,aa,59,3
1944.2764821640799,1,84,1,aa,57,3
1944.9822895781638,2,64,1,aa,23,3
1947.5892516647405,2,84,1,aa,28,2
1952.1715355020676,2,24,1,aa,4,4
1953.6692557146928,2,41,1,aa,14,6
1961.5972583054358,1,35,1,aa,10,3
1962.809515351736,1,24,1,aa,10,3
1963.3416159782007,1,48,1,aa,39,3
1964.533430916073,1,49,2,aa,36,2
1982.1698396789234,1,39,1,aa,51,2
1982.646826828777,1,90,2,aa,54,3
1986.5435235602404,1,80,2,aa,63,3
2005.7016154950957,2,39,2,aa,56,4
2011.429852592184,2,51,2,aa,13,4
2012.7900472656372,1,85,2,aa,13,2
2034.0757014608744,1,84,2,aa,16,6
2037.6592230059623,2,47,2,aa,14,6
2038.99149501974,1,30,2,aa,37,2
2043.0632285030013,1,29,2,aa,11,4
2046.0247777214074,2,29,2,aa,4,2
2052.852958670976,1,20,1,aa,45,6
2053.564607978883,1,29,1,aa,22,3
2054.015843826256,2,29,1,aa,25,3
2055.7716400741288,1,36,1,aa,46,3
2055.8335850636904,2,15,2,aa,25,6
2065.297053977797,1,29,2,aa,13,3
2065.460305962306,1,82,2,aa,45,3
2065.644858988181,1,53,2,aa,44,2
2065.905998444004,1,53,2,aa,30,2
2066.722634029949,1,53,2,aa,42,5
2068.168994310514,1,15,2,aa,29,2
2074.206657458067,2,53,1,aa,7,2
2075.004094242402,1,28,2,aa,43,2
2076.575086177479,2,53,2,aa,42,5
2077.3062823196974,2,53,2,aa,43,2
2077.3626725374206,2,82,2,aa,58,2
2078.338271401732,1,82,2,aa,37,2
2078.972915164986,2,53,2,aa,37,3
2088.3858297284096,2,36,2,aa,59,5
2088.390909449303,1,80,2,aa,52,6
2088.8807493681975,1,35,1,aa,43,2
2088.8855425732477,2,53,2,aa,3,2
2089.309520762562,2,52,1,aa,4,2
2089.412219414303,2,53,1,aa,27,3
2089.51682196842,2,52,2,aa,54,5
2089.561457768602,2,52,1,aa,55,3
2089.8273144462387,1,54,1,aa,46,2
2090.2458648984666,1,80,1,aa,14,5
2090.8955750346695,1,52,1,aa,59,2
2091.6926842854145,2,53,1,aa,39,2
2091.850238957964,2,39,1,aa,42,6
2092.017192889131,2,52,1,aa,43,6
2092.0807737334435,2,15,1,aa,23,1
2092.158065321271,2,82,1,aa,58,6
2092.5785660744154,2,80,1,aa,35,1
2092.826559310434,2,29,1,aa,54,1
2093.226407004194,2,67,1,aa,28,1
2093.8742218679818,2,29,1,aa,54,1
2093.881846549134,1,37,1,aa,56,1
2094.0786248709887,1,82,1,aa,42,1
2094.1601385151807,1,80,1,aa,20,1
2094.466899141528,1,82,1,aa,59,5
2094.8509457056543,1,52,1,aa,59,3
2095.3989087083455,2,54,2,aa,9,5
2095.6107589558064,2,47,2,aa,22,5
2095.7990739252737,1,41,2,aa,8,3
2095.80847677158,2,53,2,aa,9,5
2095.9834605191063,1,54,2,aa,22,3
2102.3567419938954,2,18,2,aa,30,3
2112.799949199205,2,80,2,aa,52,5
2113.498530439319,1,41,2,aa,52,3
2126.0782101631626,1,41,1,aa,46,6
2142.7741336063536,1,74,1,aa,5,4
2160.1722936657957,1,29,1,aa,52,4
2160.5093293179593,1,55,1,aa,47,7
2160.7393195997884,1,75,1,aa,5,7
2161.18245408869,2,83,1,aa,5,5
2161.193871528232,2,55,1,aa,0,3
2161.3861334275493,1,55,1,aa,28,6
2163.9433516516096,2,83,1,aa,5,4
2164.8254072466602,2,31,2,aa,56,5
2165.3346511793416,2,15,1,aa,5,4
2166.174203813709,2,29,1,aa,9,7
2167.448783903086,2,39,1,aa,0,5
2168.62168002737,2,29,1,aa,37,6
2169.2162404020087,2,83,2,aa,38,7
2170.4111756034695,2,31,2,aa,52,6
2170.531309105597,2,55,2,aa,43,4
2171.2582632534723,2,55,1,aa,56,7
2173.03412777277,2,15,1,aa,0,4
2173.0815480463343,1,75,1,aa,12,4
2174.2035431922395,1,43,1,aa,36,5
2174.300983222227,1,30,2,aa,2,3
2174.674361686563,1,55,2,aa,56,1
2177.7959189659605,1,34,2,aa,6,7
2181.3685534184488,1,71,2,aa,56,7
2184.0280730516542,1,43,2,aa,29,5
2184.707501633722,1,67,2,aa,53,4
2185.6045751513584,2,29,2,aa,0,7
2186.712676949423,2,44,2,aa,0,5
2186.7837403973863,2,67,2,aa,1,6
2201.95471707076,2,78,2,aa,46,3
2202.7249832089674,1,75,2,aa,0,4
2203.259700302147,2,40,2,aa,46,4
2203.346577773096,2,75,2,aa,3,5
2203.494810723166,2,42,2,aa,13,6
2205.483374252791,2,79,2,aa,33,1
2205.7250011313986,1,31,1,aa,0,4
2205.826292710139,2,79,1,aa,57,6
2206.5565660806396,2,34,1,aa,1,5
2207.2876786247916,1,31,2,aa,19,4
2207.3450591449023,2,31,2,aa,57,3
2209.9956270084313,2,15,1,aa,57,4
2215.47724939397,2,71,1,aa,53,4
2221.9349067713842,1,18,2,aa,14,7
2225.1251063666245,1,29,2,aa,25,1
2226.0261115270596,1,32,2,aa,36,6
2233.351654584978,1,19,2,aa,28,4
2233.968001938243,1,29,2,aa,53,7
2236.6794675182746,1,20,2,aa,28,5
2236.989184056144,2,29,2,aa,53,4
2238.460348381055,1,71,1,aa,28,5
2239.7797886628714,2,38,2,aa,2,6
2245.23528366199,2,29,1,aa,46,3
2248.6946298388807,2,42,2,aa,18,6
2250.7886477789743,2,29,2,aa,0,1
2261.4756443397446,2,70,2,aa,52,1
2266.980472590899,2,29,2,aa,2,6
2271.863599623077,2,42,2,aa,57,3
2273.584810120242,1,74,2,aa,33,1
2275.9969192451663,1,70,2,aa,28,7
2276.144166575316,1,19,2,aa,53,6
2281.2990734620203,1,28,2,aa,31,3
2284.860601129194,1,70,2,aa,53,6
2287.1592324214143,1,19,2,aa,23,3
