EF14U2,EF12U2,TAETIGKEITSSCHLUESSEL4,B52,EF16U2,EF41,TAETIGKEITSSCHLUESSEL5,PERSONENGRUPPE
2018,1955,2,25.493405048276486,1,21,2,313
2018,1956,2,1134.4616378055828,7,21,3,275
2018,1957,2,1264.0103178263964,4,17,1,101
2018,1956,2,1264.3412270810281,4,28,3,137
2018,1958,2,911.3394867112282,6,25,3,308
2018,1957,2,1146.188161813836,1,18,3,258
2018,1960,2,911.3394867112282,6,14,1,101
2018,1958,2,892.8063849591024,4,20,1,101
2018,1960,2,860.1080342599147,6,18,3,101
2018,1958,1,100.04997906774923,1,27,3,101
2018,1960,2,1203.185899071932,6,20,3,101
2018,1958,2,218.62548613686124,1,29,3,101
2018,1962,2,375.74135172533613,1,14,1,101
2018,1960,2,29.029246731433375,1,14,1,101
2018,1962,1,1172.9372674805345,1,17,2,364
2018,1960,2,1172.3263575657286,1,19,4,101
2018,1962,1,1174.8957935373735,4,20,1,101
2018,1960,1,1173.54986183343,1,22,3,159
2018,1962,2,1173.9533916521295,1,23,2,332
2018,1960,2,1173.9533916521295,1,22,1,101
2018,1963,1,286.08491511025983,4,18,4,101
2018,1960,1,90.89286126990407,1,30,4,101
2018,1963,1,171.33034800713926,3,18,3,101
2018,1963,2,983.2361401254586,4,20,3,101
2018,1963,1,71.25044090364065,7,20,2,355
2018,1963,1,71.49665983302461,5,22,3,164
2018,1964,1,304.76250661438996,3,18,1,101
2018,1964,2,675.6943759388649,7,17,4,101
2018,1964,2,293.3657344092718,2,25,3,149
2018,1964,2,1146.1662381074448,7,18,3,101
2018,1964,1,258.23399921782675,3,30,3,101
2018,1964,1,857.462668735704,3,21,1,159
2018,1965,1,174.39306537075387,4,18,3,101
2018,1964,2,998.3605573362004,3,24,3,101
2018,1965,1,892.2276114899456,3,20,3,101
2018,1964,2,1128.050472997907,1,26,3,101
2018,1965,2,1119.214014572043,1,24,4,101
2018,1964,2,652.2291053268536,6,27,4,101
2018,1965,1,1077.4640008813174,5,29,2,101
2018,1964,2,1077.4640008813174,5,28,4,101
2018,1966,2,115.73947746409559,4,24,3,139
2018,1966,2,1151.5118610822751,1,19,1,233
2018,1966,1,879.3892911839192,6,26,4,101
2018,1966,1,287.13386906154903,4,21,4,101
2018,1966,2,820.5615945935253,4,29,2,316
2018,1967,2,820.5615945935253,4,30,3,299
2018,1968,1,370.15331324959647,1,20,3,533
2018,1968,1,167.52750412744328,4,20,1,379
2018,1968,1,116.99222217645936,5,22,1,379
2018,1968,1,45.43952486753387,7,29,3,593
2018,1969,1,818.036132702319,7,24,1,630
2018,1970,1,1263.4505226348897,4,22,3,287
2018,1970,2,333.86673150194883,6,26,1,627
2018,1970,1,81.3105867614869,6,27,3,561
2018,1971,1,996.01787260759,3,21,1,763
2018,1971,1,643.9881321810561,2,27,1,763
2018,1972,1,641.1120596217742,3,19,4,569
2018,1972,1,893.4735417783934,5,21,1,354
2018,1972,2,733.467643734778,3,21,4,692
2018,1972,2,292.82812786762014,2,25,4,539
2018,1972,2,878.9300509838336,2,22,4,577
2018,1972,1,131.21977408435097,6,29,4,586
2018,1973,2,726.2815668768491,2,16,1,365
2018,1972,2,734.2732150364317,2,30,4,624
2018,1973,1,130.83262324299625,7,20,3,534
2018,1973,2,109.08749838126505,4,18,2,285
2018,1973,2,1036.996088201623,4,20,3,101
2018,1973,2,243.6460318868936,3,26,3,530
2018,1973,2,1158.9919273628027,4,21,4,101
2018,1974,1,69.70279357398744,7,20,2,101
2018,1973,1,966.3780501831667,6,22,2,101
2018,1974,2,202.92545568910316,6,25,3,626
2018,1973,1,240.346764736199,4,23,1,695
2018,1974,2,1107.791387808222,6,29,4,725
2018,1974,2,175.50413977960832,6,20,4,671
2018,1975,1,852.5401796915883,4,20,1,101
2018,1975,2,385.4411663990824,4,20,1,101
2018,1975,2,246.2750961946655,4,20,4,101
2018,1975,2,240.2339127481682,4,21,3,101
2018,1975,1,642.7756381604153,3,22,2,321
2018,1975,1,1117.8683079707625,6,29,1,321
2018,1975,1,1117.4639168122387,6,27,1,321
2018,1975,2,287.43998424611556,4,30,3,565
2018,1975,1,879.6030354449921,2,29,3,101
2018,1975,1,1117.009153314224,6,30,2,313
2018,1975,1,284.35673717042096,4,29,3,284
2018,1976,2,284.35901934074747,2,19,4,348
2018,1976,2,387.3196595373315,3,20,1,669
2018,1976,1,1157.3932618943188,6,26,4,101
2018,1976,1,258.8590404818017,2,21,4,101
2018,1976,2,981.9353727244244,2,30,3,576
2018,1976,1,1079.718228689917,7,29,3,308
2018,1977,2,69.92481240205181,6,20,4,101
2018,1976,2,984.29881116193,7,30,3,101
2018,1979,1,987.8911849539948,7,17,1,543
2018,1977,1,640.2508417019002,3,17,4,625
2018,1979,1,230.3802147516998,3,18,4,101
2018,1977,2,671.8067522224294,2,20,2,101
2018,1979,2,179.56026638328268,5,20,2,101
2018,1977,1,671.0856092644046,4,21,4,101
2018,1979,1,216.02627449988321,2,30,3,101
2018,1978,2,112.56648898055943,6,18,2,101
2018,1980,2,819.6911221290808,7,18,2,101
2018,1978,2,1132.763455308494,7,20,2,530
2018,1980,2,396.99495747547115,1,29,2,348
2018,1979,1,410.97418439109606,3,16,2,366
2018,1981,2,229.46955581976314,4,18,4,101
2018,1979,2,871.1289058725847,5,21,1,101
2018,1983,1,106.92626318699574,3,18,3,101
2018,1980,2,311.78299310785815,7,20,3,101
2018,1983,1,59.27996705567546,7,30,2,101
2018,1982,1,834.2999407046007,5,22,2,101
2018,1957,2,1131.0864870958185,4,35,3,655
2018,1956,1,528.5960431424007,5,36,4,764
2018,1958,2,1150.0796936969439,5,35,4,101
2018,1960,1,998.6270694664792,3,35,4,759
2018,1964,2,608.4068180150754,5,32,4,101
2018,1965,2,430.53848648840136,7,35,3,101
2018,1964,1,431.73946149289475,1,35,1,320
2018,1966,1,424.95420335531577,3,32,4,758
2018,1964,2,424.95420335531577,3,35,4,161
2018,1960,2,411.7918276759892,3,36,4,339
2018,1961,1,1038.9944229206592,6,36,3,101
2018,1962,2,70.20178526420048,3,36,1,101
2018,1961,2,152.0630081744339,3,39,3,715
2018,1964,2,83.54883462997178,4,39,2,101
2018,1963,1,463.8218087995782,7,39,4,329
2018,1956,1,964.5640107226266,2,41,3,101
2018,1960,1,1120.5123920515787,7,41,1,101
2018,1959,1,71.17729114767118,7,40,2,101
2018,1960,2,275.224418429949,2,41,1,101
2018,1962,2,539.1301067498114,5,40,4,184
2018,1964,2,726.3613636378506,5,40,2,101
2018,1962,2,846.1968976408422,5,42,4,140
2018,1966,1,844.5905163513255,3,40,2,335
2018,1964,1,893.5792239167093,1,41,2,186
2018,1967,1,59.18469224465818,4,41,2,142
2018,1956,1,459.4014180459778,4,45,1,101
2018,1958,1,681.6914813192244,7,46,1,101
2018,1956,1,360.9550246080926,7,46,2,101
2018,1958,1,362.1373723482616,4,47,3,101
2018,1958,1,1045.616955511956,6,46,1,101
2018,1962,1,544.7217951943986,7,45,2,101
2018,1959,2,1078.8785712125311,4,46,3,101
2018,1964,2,893.8753730728845,5,46,1,101
2018,1960,1,846.1890891952894,4,46,2,330
2018,1967,2,531.8710606835198,1,44,1,101
2018,1961,2,531.8710606835198,1,46,3,101
2018,1967,1,361.60452990006644,5,47,1,422
2018,1955,2,1157.0208499135229,4,60,1,101
2018,1956,2,609.4639017966443,1,56,2,101
2018,1956,2,967.3020936986229,7,62,2,101
2018,1957,2,967.3020936986229,7,49,3,101
2018,1956,2,817.5375147383988,6,62,3,101
2018,1958,2,1194.188826633898,3,50,2,101
2018,1958,2,704.796357548705,5,59,4,101
2018,1958,2,878.585291076957,4,58,4,101
2018,1958,2,878.585291076957,4,62,3,597
2018,1958,2,804.4531150785673,6,59,2,101
2018,1959,2,1041.205232973123,6,58,2,101
2018,1959,2,79.74482877082721,4,49,2,101
2018,1959,2,892.6577924366917,2,59,4,101
2018,1959,2,984.1765763665198,5,57,1,101
2018,1960,2,1052.7197912200688,5,53,3,314
2018,1960,2,1049.7819917076854,5,49,4,669
2018,1960,2,613.7533025919993,7,60,1,101
2018,1961,1,1156.8588532054323,3,51,3,101
2018,1960,2,1156.275533359703,3,62,2,649
2018,1961,1,47.77780933749551,4,55,2,101
2018,1961,1,45.92455564122835,6,50,3,101
2018,1962,2,807.1070357414998,4,48,2,101
2018,1961,1,128.4254029177451,1,62,2,586
2018,1962,2,1072.302522716187,3,51,2,101
2018,1962,1,1079.5902525422673,3,48,4,348
2018,1962,2,362.44198461241706,3,59,4,101
2018,1962,2,1037.1084041267252,3,57,2,568
2018,1963,1,1194.0249529714313,1,48,4,101
2018,1962,2,1173.939741260486,2,60,1,101
2018,1964,2,272.34735638170946,7,49,4,101
2018,1962,2,1175.2076915700723,3,62,2,101
2018,1964,1,1039.5832327827575,4,53,3,348
2018,1963,2,863.357375553582,6,49,1,101
2018,1964,1,1174.065797685513,5,56,4,101
2018,1963,1,682.7915877587827,1,49,4,101
2018,1964,1,292.6278916501697,5,59,4,366
2018,1963,1,980.8456899588745,7,50,3,355
2018,1965,1,408.39623091205993,3,50,4,366
2018,1963,1,1159.4146681924037,2,50,4,366
2018,1965,1,625.523270858441,2,52,4,594
2018,1964,1,1108.6614816489048,1,48,1,586
2018,1966,1,845.4229722404237,4,61,2,101
2018,1964,1,603.3933041447351,1,53,1,101
2018,1967,1,602.9007186145261,6,49,3,533
2018,1966,1,1077.348707325259,5,50,3,533
2018,1968,1,245.46065930479728,4,34,4,712
2018,1968,1,216.52828602292965,7,33,4,757
2018,1970,2,257.9447617500592,4,33,1,333
2018,1968,1,363.2628418131093,5,35,2,321
2018,1971,2,257.8274895242091,4,36,3,724
2018,1970,2,362.7987915033198,1,35,4,762
2018,1972,1,362.8343378254849,5,33,3,624
2018,1970,2,178.61851326545164,1,36,1,726
2018,1972,1,986.2521624108855,3,38,2,365
2018,1971,2,983.704618047001,3,34,1,101
2018,1973,2,981.3079459284695,2,34,4,101
2018,1971,1,487.74985190111124,1,36,2,141
2018,1973,2,1194.7585664941373,4,35,2,101
2018,1972,2,1195.7218264000644,4,36,2,101
2018,1973,2,732.8395413773817,3,37,4,101
2018,1973,2,393.82701927928514,4,37,2,190
2018,1974,1,1116.026834846563,1,35,4,158
2018,1974,2,217.51143131307188,7,33,2,101
2018,1975,2,410.3953891378202,1,32,4,101
2018,1974,2,1173.0086941071563,1,36,4,101
2018,1975,1,1078.5145833731215,4,35,4,101
2018,1974,1,495.7260869630283,4,39,3,101
2018,1977,1,709.0658108020552,6,35,2,187
2018,1976,1,709.0658108020552,6,35,2,348
2018,1981,1,415.7085440998782,6,35,1,284
2018,1981,1,804.4326653404028,6,37,3,378
2018,1970,2,45.00503540944353,7,41,3,762
2018,1970,2,1158.5739843570395,6,43,3,784
2018,1972,1,585.6097728131053,3,45,1,725
2018,1972,2,1192.434879138262,6,45,2,595
2018,1972,1,927.1067616409679,2,45,1,101
2018,1973,2,562.789978027344,5,46,1,567
2018,1973,1,1105.8094670234557,4,44,1,101
2018,1974,2,1106.0327280023837,3,43,4,101
2018,1973,2,168.3940359889797,2,46,3,101
2018,1975,1,240.81927893652502,5,40,2,101
2018,1975,1,1036.1732716202853,1,45,2,338
2018,1975,1,243.72777080628828,5,44,1,309
2018,1975,1,625.8232714167409,2,47,2,101
2018,1975,1,729.3186118181987,3,47,4,366
2018,1977,2,460.9236270728701,7,43,3,790
2018,1977,1,893.1526672002187,2,40,3,787
2018,1979,2,153.59228421989107,5,45,4,101
2018,1977,1,155.57109187595964,3,43,1,101
2018,1979,2,153.59228421989107,5,47,2,348
2018,1977,2,216.1022262666111,3,44,2,101
2018,1982,2,1157.2380024198346,3,40,2,101
2018,1977,2,216.1022262666111,3,44,2,101
2018,1982,2,163.61562209581214,7,41,3,796
2018,1980,2,169.30183240464888,2,40,2,367
2018,1982,1,169.30183240464888,2,46,3,101
2018,1982,2,650.0295920862135,2,40,1,101
2018,1983,2,915.4453409433373,5,41,1,101
2018,1982,2,988.7288695781513,5,46,4,101
2018,1983,1,988.7288695781513,5,42,2,101
2018,1968,2,369.3579911728625,7,51,3,101
2018,1968,2,70.25763370730515,6,58,2,780
2018,1970,2,362.9535921041673,6,50,1,101
2018,1968,2,259.72164654859426,4,59,3,101
2018,1970,2,893.4748468808406,3,54,4,101
2018,1968,2,1158.7162977533374,6,62,2,101
2018,1970,2,613.9266239358818,3,59,4,101
2018,1970,2,235.87278138875772,4,57,4,101
2018,1970,2,965.7806148754185,4,59,4,799
2018,1970,2,1104.266307120897,3,58,4,101
2018,1970,2,487.21729613965965,7,59,4,101
2018,1970,2,1040.3147267450909,3,59,4,101
2018,1971,2,913.3035407480037,1,49,4,309
2018,1970,2,1226.0738023480342,2,62,4,101
2018,1971,2,1231.6787479208167,2,55,1,320
2018,1971,2,207.7263777663125,3,52,4,101
2018,1971,2,966.0016404236994,3,59,4,101
2018,1971,2,282.3410090763564,3,59,4,101
2018,1971,2,457.2407604166827,2,61,4,595
2018,1971,2,70.40529813979748,2,59,4,578
2018,1973,2,275.36863812072795,1,52,3,628
2018,1972,2,293.7206229307009,1,52,1,101
2018,1973,2,1036.0663208416363,1,53,4,101
2018,1972,2,1038.4557480628923,1,54,4,101
2018,1975,2,967.952665623346,6,51,4,101
2018,1972,1,256.08360082110033,3,59,4,101
2018,1977,1,641.0486500168668,3,50,4,101
2018,1973,1,240.98469195079832,3,51,2,101
2018,1977,1,497.9310789280592,2,50,4,101
2018,1973,2,240.41636492565712,3,59,1,101
2018,1977,1,615.2541710631303,4,50,3,101
2018,1973,1,1072.5482568919517,4,62,3,101
2018,1977,1,923.725741451531,6,51,3,101
2018,1974,1,906.1322104706315,5,49,4,101
2018,1977,1,499.8630088307365,6,51,4,101
2018,1975,1,1158.7733888154617,3,59,3,263
2018,1977,1,1159.2244694014453,3,62,2,101
2018,1976,1,926.0558456045584,5,57,2,101
2018,1978,1,926.2457165839652,1,63,4,101
2018,1977,2,915.1230619060427,6,49,1,101
2018,1979,2,879.8240628895726,2,50,1,101
2018,1977,2,651.7716968383005,2,55,3,260
2018,1980,2,716.2028907966685,1,49,1,284
2018,1977,2,493.4564508918676,1,59,1,101
2018,1980,1,670.1533853792073,1,60,3,101
2018,1979,1,344.933160300784,6,53,3,101
2018,1981,2,806.998512707603,7,51,4,101
2018,1979,2,414.88605527121894,1,57,3,271
2018,1981,2,94.12862998451577,4,53,1,101
2018,1981,1,879.6642020663401,3,51,3,270
2018,1981,1,360.4088636721727,7,59,2,101
2018,1981,2,909.3940324756682,7,56,2,101
2018,1982,2,63.73448748038885,7,52,4,101
2018,1982,1,801.8628042216657,7,49,2,101
2018,1982,1,810.7748662717411,6,55,1,101
2018,1982,1,503.5874002674393,6,53,4,687
2018,1982,1,292.2029774243614,3,57,4,687
2018,1983,2,107.63320964988094,3,55,1,652
2018,1956,1,543.6531440195917,1,67,3,309
2018,1956,1,542.5011394519795,4,71,4,268
2018,1956,1,538.6910821865289,5,68,4,101
2018,1956,1,933.4596856300494,1,71,1,101
2018,1956,1,247.65742913343416,3,69,4,101
2018,1956,1,247.65742913343416,3,79,4,453
2018,1956,1,257.02940515421363,2,70,1,101
2018,1957,1,554.8614610884588,1,69,1,436
2018,1956,1,852.197529406894,3,84,3,101
2018,1958,1,1194.405491997044,3,74,1,468
2018,1956,1,814.3134851661339,3,87,2,101
2018,1958,1,708.1354991966735,5,75,1,101
2018,1957,1,517.0363243420231,7,69,3,101
2018,1958,1,879.194128369824,4,78,3,101
2018,1957,2,1211.06813129667,6,83,4,101
2018,1958,1,728.3152060340831,5,81,4,269
2018,1957,1,1098.6926249205756,4,87,4,269
2018,1958,2,640.7890118255106,4,82,4,101
2018,1958,1,705.5804927015697,5,69,3,483
2018,1959,1,1195.438922316088,6,69,2,101
2018,1958,1,852.2661143246117,6,72,1,101
2018,1959,1,851.1183396324819,6,78,1,464
2018,1958,2,293.87349970843377,4,81,2,655
2018,1960,2,877.960612497738,3,71,2,101
2018,1958,1,1148.118866208821,7,88,3,348
2018,1960,1,177.5397123755764,5,74,3,101
2018,1959,2,1156.1888943508707,6,69,1,101
2018,1961,2,1039.9267707891822,6,65,3,101
2018,1959,1,1037.5766819208106,6,69,3,101
2018,1961,1,851.7718090043999,6,73,3,101
2018,1959,1,857.734753861062,3,70,2,101
2018,1961,1,1159.494113157946,3,82,3,320
2018,1959,1,1159.2909056526562,3,80,2,470
2018,1962,1,216.12015991685627,5,67,1,101
2018,1959,2,767.665163657969,1,82,3,101
2018,1963,2,861.4019251836602,4,69,1,101
2018,1959,2,562.789978027344,6,82,1,101
2018,1963,1,545.907965024795,1,70,3,329
2018,1960,2,529.6651347771759,4,76,1,596
2018,1963,1,242.43805079437553,4,86,2,101
2018,1960,2,106.31922229916759,3,83,4,101
2018,1964,2,1156.5878095244204,4,69,1,101
2018,1961,1,1158.3203045403602,4,74,4,779
2018,1964,2,893.4064790820922,1,70,2,101
2018,1961,2,892.5160011873298,2,83,4,101
2018,1964,2,893.7435696893713,2,70,3,374
2018,1962,2,671.2633300476348,3,77,1,758
2018,1964,2,537.4799639677921,1,79,2,101
2018,1962,2,415.4182537121728,6,82,1,101
2018,1964,2,779.6544584119027,3,86,4,548
2018,1962,2,284.58798202352375,4,86,3,413
2018,1964,2,860.7212777528796,3,87,3,416
2018,1964,2,676.1663978996734,7,69,4,415
2018,1965,2,654.9631790573729,2,67,4,101
2018,1964,2,1116.2934257047925,7,74,4,101
2018,1965,2,497.7660980015787,3,71,2,101
2018,1965,2,167.0518664176701,5,66,1,341
2018,1965,2,586.5262520672353,6,76,1,531
2018,1965,2,722.1324243527621,1,82,1,101
2018,1965,2,749.3908113177074,6,87,3,542
2018,1965,2,967.4936901193934,6,87,1,101
2018,1967,2,366.42188555692746,5,74,4,576
2018,1966,2,676.66973481699,7,71,3,292
2018,1967,2,625.4174777030576,3,75,2,101
2018,1966,2,530.0950051290381,5,74,4,270
2018,1968,2,333.5818477840994,4,66,1,538
2018,1966,2,330.8371185767708,4,87,2,270
2018,1968,2,446.7069452505255,6,66,4,541
2018,1967,2,247.7326067888032,5,74,4,549
2018,1968,1,110.4470551398088,5,68,3,653
2018,1968,2,79.30202469985865,3,66,3,147
2018,1968,2,75.18285030790032,3,69,1,520
2018,1968,2,257.2587517623992,6,69,1,650
2018,1968,2,362.783203902106,6,70,1,158
2018,1968,1,1056.8125589039478,6,79,2,522
2018,1968,2,334.3571797206345,4,75,4,577
2018,1969,2,627.9384711377943,6,70,1,724
2018,1968,2,257.9337003136753,4,81,4,101
2018,1969,1,935.7669623729965,4,83,4,101
2018,1970,1,681.1625627636353,1,67,1,159
2018,1970,2,1043.4105880714123,3,76,1,628
2018,1970,2,1044.4032701679448,3,69,3,101
2018,1971,2,414.392902114102,4,64,2,307
2018,1970,2,179.18136470505655,4,70,4,285
2018,1971,2,361.7230208371531,6,80,2,755
2018,1970,1,130.11553708205125,6,86,3,120
2018,1971,1,132.58983807205544,6,82,3,113
2018,1970,1,415.88965767369507,4,86,2,102
2018,1972,2,91.18844458273243,6,70,3,116
2018,1971,2,682.9490646464777,3,71,2,670
2018,1972,1,670.9222515553411,3,83,3,101
2018,1971,2,1159.7907454517272,3,75,4,353
2018,1972,2,204.862958752719,3,88,3,101
2018,1971,2,1157.5442277747711,3,75,3,101
2018,1973,1,1158.8640468870242,3,64,4,101
2018,1971,2,670.4442919619488,7,78,2,97
2018,1973,1,1158.2865600684488,3,67,4,110
2018,1971,2,1156.9995623896236,3,83,3,763
2018,1973,2,807.8581337062155,5,73,2,757
2018,1971,2,168.23985942504913,6,86,4,101
2018,1973,1,802.6529610032138,6,88,3,101
2018,1972,1,643.5969096864487,3,68,3,114
2018,1974,2,643.5969096864487,3,67,3,114
2018,1972,1,858.1082579597626,1,69,3,127
2018,1974,2,529.2430811438726,6,70,2,725
2018,1972,2,1059.1166647449734,6,73,3,784
2018,1974,1,877.5745545042183,3,76,3,586
2018,1973,2,811.3156079226824,2,70,2,321
2018,1974,2,687.7216183705442,7,78,2,766
2018,1973,2,115.12317475187999,4,82,4,724
2018,1974,1,112.39206893266942,7,87,4,101
2018,1973,2,117.83697596875585,6,82,1,307
2018,1974,2,217.75304531712928,6,87,2,101
2018,1973,1,163.51882682496102,6,87,3,335
2018,1975,1,70.11280451655901,6,83,3,101
2018,1973,1,965.952595238983,6,87,3,101
2018,1975,2,827.5066354247066,6,88,3,101
2018,1974,1,824.3379264725977,3,69,3,101
2018,1976,1,624.3848342261739,6,64,1,249
2018,1974,1,90.89216956129226,3,70,4,638
2018,1976,1,202.28225598517125,6,82,1,233
2018,1974,2,539.7685502963355,6,73,4,578
2018,1977,1,1104.6975440411645,4,67,4,467
2018,1974,2,206.9195540395332,6,87,3,101
2018,1977,1,1119.3851954797367,6,72,1,495
2018,1975,1,530.816987868119,6,68,1,249
2018,1977,1,1039.253924534388,6,79,2,101
2018,1975,1,1150.0373751260975,4,70,1,101
2018,1977,1,1117.688617646328,6,82,1,101
2018,1975,2,1117.665177706013,6,70,2,470
2018,1979,1,876.0980371380342,5,69,3,101
2018,1976,1,556.136353889525,7,69,3,770
2018,1979,2,983.3973628089367,1,70,1,228
2018,1976,1,69.81666828190842,7,74,1,101
2018,1979,1,624.6510475643996,6,74,3,101
2018,1976,2,1263.6458488117673,3,77,4,101
2018,1979,1,1258.4600017154655,3,80,1,101
2018,1976,2,836.4387486643395,4,83,3,101
2018,1980,2,241.80151557845312,3,67,1,765
2018,1977,1,892.1293589145463,7,83,4,101
2018,1980,2,329.1371365496595,4,78,1,511
2018,1977,1,329.1371365496595,4,86,1,101
2018,1980,1,877.3909643401997,2,81,2,101
2018,1979,2,731.3379606957126,2,68,4,101
2018,1980,2,421.4096253749242,2,86,3,471
2018,1979,2,671.3626967630282,2,73,1,101
2018,1981,2,70.32492041450483,6,78,1,507
2018,1980,2,562.789978027344,3,68,2,490
2018,1982,2,409.1197698253744,5,77,1,459
2018,1980,2,921.0243494535923,1,70,3,467
2018,1982,2,257.2009558473669,5,82,4,101
2018,1980,2,335.4123075324199,4,72,1,501
2018,1982,2,104.90018385005246,3,83,4,101
2018,1980,2,1116.4955921008934,3,83,3,101
2018,1982,2,1118.7175785265904,3,83,3,101
2018,1981,2,1158.8709916889632,6,77,2,101
2018,1983,2,1118.5444354876254,6,71,1,101
2018,1981,1,817.4046177659202,7,86,4,101
2018,1983,2,556.3695057971566,1,83,4,101
2018,1982,2,552.4729149789291,1,70,3,101
2018,1986,2,91.45040225540932,7,22,4,101
2018,1984,2,363.68530950779405,7,22,3,101
2018,1987,2,999.1217028594431,5,19,4,101
2018,1987,1,293.39817318405636,4,18,2,101
2018,1988,2,293.71214825442894,4,16,2,101
2018,1987,1,786.6885210248762,5,22,2,101
2018,1988,1,244.47368083776757,7,17,2,101
2018,1987,1,141.7447012103665,1,29,3,101
2018,1988,2,363.82047275502475,5,18,3,101
2018,1988,1,752.7223709895135,5,29,3,101
2018,1988,2,984.5766517041731,5,28,3,101
2018,1989,2,45.896179426344155,5,28,2,101
2018,1989,2,1104.4552313335855,2,17,1,101
2018,1990,1,562.789978027344,7,30,2,101
2018,1989,1,367.20214669149027,1,30,2,101
2018,1991,1,128.25082772102266,7,17,2,101
2018,1990,2,1063.558365189102,2,20,1,101
2018,1991,1,676.1078925075516,7,18,1,101
2018,1990,2,386.31031116207936,2,20,1,101
2018,1991,2,1056.100019789121,2,20,4,101
2018,1990,2,293.7897112133845,2,28,1,762
2018,1991,2,292.16986107916364,2,20,3,101
2018,1990,2,1245.3780655535095,5,30,2,101
2018,1991,2,391.78464767526117,2,20,3,101
2018,1991,2,1195.885082089577,3,20,1,101
2018,1991,2,870.386936195047,3,27,2,624
2018,1991,2,408.8395198047056,6,26,4,724
2018,1991,2,276.2317219242854,4,28,3,101
2018,1992,1,1193.1294035144608,4,20,3,531
2018,1991,2,1237.8493583022985,5,29,3,101
2018,1992,2,1192.7356446072654,4,21,1,599
2018,1991,2,1194.873992035767,2,30,2,101
2018,1992,2,551.3181773876278,7,22,2,101
2018,1992,1,964.7199814521224,4,20,3,650
2018,1993,1,47.0087173658525,7,21,3,189
2018,1992,1,893.3162006699552,7,31,3,185
2018,1993,1,562.789978027344,7,27,3,653
2018,1994,2,22.342637259261444,6,28,4,592
2018,1994,1,741.4695916304084,5,25,1,191
2018,1996,2,282.9105989833035,1,9,2,706
2018,1994,1,46.01929579780206,6,30,1,766
2018,1996,2,742.075908516813,5,22,3,138
2018,1994,1,412.6444939714054,6,31,2,767
2018,1997,1,413.98749324847006,6,24,4,758
2018,1997,1,992.4243773260142,5,26,1,765
2018,1997,2,1144.9998588730898,4,29,4,754
2018,1998,1,473.258582241988,1,30,3,101
2018,1999,1,395.1262402470679,6,21,1,101
2018,2000,2,292.79199546537154,6,15,4,506
2018,1999,1,652.830186210463,6,27,3,586
2018,2000,2,106.20156838812625,4,19,4,695
2018,2000,1,399.3525089931151,3,20,3,522
2018,2000,1,397.531835546508,3,20,3,550
2018,2000,2,395.0288385745708,2,20,2,668
2018,2000,2,398.28347614014945,2,25,4,510
2018,2000,2,684.1926869117463,5,27,3,101
2018,2001,2,1057.9598661958807,5,24,1,678
2018,2000,1,607.1161277482622,6,31,1,686
2018,2001,1,607.6208114786039,6,24,1,686
2018,2001,2,1173.2162033331638,7,20,4,500
2018,2001,2,105.5532541870967,4,29,4,461
2018,2001,1,61.333333529770435,5,21,3,101
2018,2002,2,1174.5428934379975,6,15,3,101
2018,2002,2,1156.822134112745,5,17,4,464
2018,2002,2,1145.205378868147,7,25,1,503
2018,2002,2,966.3863719912102,4,21,3,101
2018,2003,1,570.8827458869006,4,15,3,101
2018,2002,1,575.2929432989225,4,24,1,101
2018,2003,1,446.50791625763446,2,21,3,277
2018,2002,1,274.1933349581636,5,26,3,191
2018,2004,1,729.0049683981034,2,18,2,320
2018,2002,2,293.6890161394064,2,26,4,426
2018,2005,1,728.9368489192166,2,20,2,318
2018,2003,1,641.7573848480974,3,20,3,270
2018,2007,1,670.0352200593593,3,20,2,270
2018,2003,1,45.124734546768885,4,26,1,412
2018,2007,1,1159.8840072069245,2,30,3,190
2018,2004,1,109.26119941316202,3,18,3,305
2018,2008,1,110.01190917753141,3,14,3,101
2018,2004,1,877.5739305003812,2,20,4,503
2018,2009,2,1237.1102729665843,6,15,3,101
2018,2004,1,1237.9330217278994,6,25,1,101
2018,2009,2,154.13297234711848,7,17,1,101
2018,2004,1,240.4094155978089,5,27,4,101
2018,2009,2,1254.1056511575996,1,18,3,101
2018,2004,2,259.6705688806381,5,29,1,101
2018,2009,2,317.19005577825834,1,20,3,101
2018,2006,2,1194.2929923951854,6,20,1,469
2018,2009,2,864.1897290658053,7,24,1,455
2018,2006,2,1117.0583929724141,1,27,1,101
2018,2010,2,818.1161841536807,4,16,1,101
2018,2007,2,242.4830143283926,4,19,1,101
2018,2010,2,241.25470244657848,4,16,1,101
2018,2007,2,626.5286045934331,5,20,3,158
2018,2010,1,1267.619112238104,1,18,3,101
2018,2008,1,584.6252042765733,3,19,3,101
2018,2010,2,292.7664770820531,3,18,4,101
2018,2008,1,1195.2122381924087,3,19,1,412
2018,2010,1,116.99752180696706,6,20,1,412
2018,2008,1,256.55704185676575,3,22,4,414
2018,2010,1,879.386709212578,5,24,3,578
2018,2008,2,361.97472705856984,3,25,1,145
2018,2010,1,242.59794241569378,3,26,4,414
2018,2008,2,799.7053164798689,3,28,3,101
2018,2010,2,798.8069706375384,3,29,3,101
2018,2008,2,1212.0865878933084,2,30,2,101
2018,2010,1,1281.5811203411467,4,30,2,101
2018,2009,2,109.92212566800228,3,17,2,101
2018,2011,2,130.0048279736682,2,18,3,101
2018,2009,1,1159.4030318761163,2,20,3,306
2018,2011,2,245.2414550614281,4,24,4,101
2018,2009,2,756.9864206101934,2,25,4,101
2018,2011,1,1225.9651225021694,1,25,4,101
2018,2009,2,877.1746636937237,2,26,4,101
2018,2011,2,1228.0378027531353,1,30,3,132
2018,2010,2,996.4212523713836,4,18,1,101
2018,2012,1,1132.783288870188,1,28,2,101
2018,2011,2,1247.0258197859246,5,28,3,101
2018,2014,2,910.3233647558494,3,24,4,101
2018,2012,1,1278.6304542018186,5,22,3,212
2018,2014,2,224.9157825112078,3,30,4,505
2018,2014,1,908.5291962378351,3,21,4,101
2018,2015,2,175.2036472771115,2,30,3,101
2018,2015,2,823.7058318859262,2,26,4,496
2018,1984,1,175.1528114396998,5,43,1,520
2018,1986,2,600.8268016531673,4,39,1,101
2018,1984,2,446.06656857185794,1,45,1,101
2018,1986,2,447.58221733083536,1,44,1,101
2018,1984,1,624.9438216002383,2,46,1,530
2018,1987,1,68.96515940988452,4,41,3,101
2018,1985,1,19.180896290195754,7,32,1,655
2018,1987,2,625.0634484125017,3,43,1,651
2018,1986,2,127.22564323443103,2,35,1,357
2018,1987,2,105.56931776763386,5,46,4,334
2018,1986,1,217.19266118796207,5,37,1,370
2018,1988,2,360.06018931424876,5,41,1,464
2018,1987,2,841.1439504475516,1,39,4,725
2018,1988,1,360.4770697094193,5,41,3,415
2018,1987,1,484.3445132190582,2,47,1,101
2018,1988,1,207.84175762105528,2,46,4,482
2018,1988,1,345.3416114645743,3,37,4,378
2018,1988,1,60.49538877310522,6,46,3,373
2018,1988,1,717.7499236775662,4,39,2,349
2018,1988,1,755.8505875652395,1,47,3,465
2018,1988,1,1134.8719582445992,1,44,1,414
2018,1990,1,1104.830614003429,2,47,1,414
2018,1988,1,892.050593541321,4,46,3,101
2018,1991,1,892.7317232818276,4,32,3,396
2018,1988,1,1194.05471877822,5,47,4,480
2018,1991,1,812.8839827755093,5,40,3,456
2018,1990,1,813.2170533052716,1,44,1,101
2018,1991,1,815.1375548193649,6,40,2,101
2018,1990,1,857.6249542328318,5,46,3,101
2018,1992,1,178.3017610179714,4,34,1,471
2018,1991,2,850.4240752054037,6,35,3,101
2018,1992,2,964.576228214266,5,37,4,101
2018,1991,2,780.311569180534,7,35,4,101
2018,1993,1,279.91042337836427,7,44,2,101
2018,1991,1,1041.599136535795,2,39,2,101
2018,1994,1,77.0043806199118,5,37,4,463
2018,1991,2,589.9645817890201,6,41,3,101
2018,1996,2,814.7143307432466,3,37,4,486
2018,1991,1,861.9527320225301,5,44,3,101
2018,1996,2,1038.9436852500269,5,44,4,471
2018,1991,2,1039.4640639045438,5,46,3,101
2018,1997,1,709.5361465510055,2,35,3,101
2018,1992,2,651.4795965562811,2,32,2,101
2018,1997,2,724.0939794232829,5,41,2,101
2018,1992,2,725.7588956291053,5,37,3,101
2018,1997,1,1148.8831821792496,4,41,1,101
2018,1992,1,1158.8936269905696,2,44,4,101
2018,1997,2,679.9307450634261,2,44,2,101
2018,1993,1,258.6795317142259,2,34,3,727
2018,1997,1,258.5488966669067,2,44,1,460
2018,1994,1,1158.3432101915907,3,35,1,101
2018,1998,2,217.62764051954076,6,39,4,101
2018,1994,1,787.5769858439395,7,37,2,101
2018,1998,1,784.8417499122206,7,40,4,753
2018,1994,1,785.8272730073492,2,43,4,101
2018,1998,1,841.1343434490684,1,41,2,101
2018,1995,1,610.6090617851138,7,36,1,101
2018,1999,1,1156.749289335558,5,44,1,101
2018,1995,1,1156.1708916927032,5,40,3,469
2018,1999,1,575.6926631890631,1,45,3,469
2018,1995,1,893.2112613446266,3,43,2,101
2018,2000,1,444.1618997490471,7,32,2,594
2018,1996,1,417.9556025574256,5,36,2,594
2018,2000,1,1194.7550356148352,6,36,3,101
2018,1996,1,1060.7894417047016,5,41,3,101
2018,2000,1,1192.125029320572,3,46,2,101
2018,1997,1,92.70575615921136,3,32,2,101
2018,2002,2,157.82785126709302,1,45,3,706
2018,1997,1,670.8507857240292,3,37,4,765
2018,2003,1,670.0227631070987,3,34,3,799
2018,1997,1,1193.061078034588,2,46,2,635
2018,2003,1,413.3021973843616,6,44,3,724
2018,2000,2,671.2946522442577,3,32,4,101
2018,2004,2,984.3180569387837,5,32,4,101
2018,2003,2,1121.989789261485,1,36,1,101
2018,2004,1,1126.5202301034778,5,35,2,653
2018,2004,2,1127.2526572867994,3,32,4,101
2018,2004,2,918.3685176853176,5,36,3,101
2018,2004,1,913.9417254192829,5,43,4,101
2018,2004,1,460.74007172945426,6,39,1,101
2018,2004,1,157.07544986800778,7,44,1,101
2018,2004,1,1140.3022208656307,6,40,4,101
2018,2004,1,1143.2102290463588,6,45,2,101
2018,2004,1,68.84293048360435,2,41,1,101
2018,2004,1,1250.9186245729463,4,46,3,101
2018,2004,1,59.845467556774494,4,45,1,101
2018,2005,2,410.05106127042114,3,37,4,191
2018,2005,2,238.07522876699724,2,35,4,185
2018,2005,1,235.7887516524986,2,41,3,101
2018,2005,2,893.4174763912241,6,46,2,101
2018,2006,2,243.09055400170365,4,37,2,101
2018,2007,1,913.1378818853095,4,46,4,168
2018,2006,1,732.705664858219,3,44,2,101
2018,2009,2,1258.3337249213955,3,46,1,101
2018,2009,2,61.52285386184601,6,35,3,528
2018,2010,2,70.1310348815532,2,35,2,101
2018,2010,2,1140.5950107731048,3,32,4,101
2018,2010,2,1260.4087726646142,7,38,1,101
2018,2010,1,1036.187979858372,1,40,2,101
2018,2010,1,671.388048393677,1,38,4,188
2018,2011,2,717.0105975284822,1,33,2,158
2018,2010,1,673.6412797260274,6,40,3,101
2018,2011,2,674.4369050907799,6,39,2,655
2018,2010,1,1142.4379322478067,2,44,3,655
2018,2012,2,1111.9452474440236,1,36,1,101
2018,2011,2,1145.307320615175,7,40,3,101
2018,2014,2,105.52527838270757,5,33,3,101
2018,2012,2,892.385238804744,5,34,1,101
2018,2014,2,420.50928007029825,5,35,3,101
2018,2012,1,417.7511055868851,5,40,2,777
2018,2014,1,728.1448049371255,2,46,3,768
2018,2012,2,605.9930403432949,2,46,3,101
2018,2015,2,601.5660289614623,2,33,2,101
2018,2013,2,767.9348251392406,7,44,2,101
2018,2015,1,848.2824634788649,2,35,3,101
2018,2014,2,105.39721645848604,6,40,3,775
2018,2015,2,409.2724140583364,6,36,4,142
2018,2014,2,892.9099839510101,7,44,4,142
2018,2015,2,413.28723192509483,7,37,4,186
2018,2014,2,1159.1202099828859,6,47,2,101
2018,2015,1,1193.7060030424666,3,43,2,101
2018,2015,1,729.8454639807047,2,39,3,101
2018,2017,1,110.19961102409475,3,32,2,101
2018,2015,1,625.3220253700762,2,47,2,101
2018,1984,1,1042.6192723170461,4,50,2,550
2018,1985,1,1042.6192723170461,4,52,1,549
2018,1986,1,17.024250733086088,6,51,3,101
2018,1987,1,16.99820998493697,6,49,4,101
2018,1987,1,126.50087421628331,1,53,4,770
2018,1988,1,1132.106346128958,1,49,2,101
2018,1990,1,375.58919560462255,5,48,3,521
2018,1988,1,372.02977996170256,5,50,2,101
2018,1991,1,866.8588103448676,2,54,2,101
2018,1988,2,866.8588103448676,2,51,3,101
2018,1993,2,1078.5476481531307,1,49,1,787
2018,1990,2,750.4616904504154,5,49,4,787
2018,1993,2,833.9291266475354,6,52,4,680
2018,1990,2,447.9776421703472,1,53,1,668
2018,1994,2,805.5338785270465,7,51,2,101
2018,1992,2,217.23051901267095,6,48,4,101
2018,1995,1,348.202423479935,6,55,4,682
2018,1993,1,346.58238879688975,6,53,1,101
2018,1996,1,1072.082016829153,3,53,1,101
2018,1997,1,337.1956876327844,6,52,4,101
2018,1997,1,497.91444730788476,3,55,1,101
2018,1997,1,337.1956876327844,6,52,4,101
2018,1998,1,463.49000771890684,6,55,2,799
2018,1997,1,463.49000771890684,6,53,1,797
2018,2003,1,1133.011223722425,1,50,1,101
2018,1999,1,568.8449205725269,1,51,3,320
2018,2003,1,1206.9093951408051,3,51,4,101
2018,1999,2,1214.8446387191661,3,52,2,101
2018,2003,2,1214.8446387191661,3,52,2,101
2018,2000,1,216.68736833212415,2,50,4,101
2018,2003,2,349.76957287721547,6,55,1,320
2018,2001,1,1271.95515059793,7,49,1,307
2018,2005,1,607.8072347730165,6,52,1,286
2018,2003,1,1224.8350657705882,2,49,1,320
2018,2006,1,1204.992187106335,6,49,4,101
2018,2003,2,1192.88262982849,2,50,1,101
2018,2006,2,217.78833445439224,3,49,2,489
2018,2003,1,217.78833445439224,3,51,1,321
2018,2006,2,855.7442966171357,1,52,4,101
2018,2003,2,855.7442966171357,1,55,4,348
2018,2007,2,989.4505092377849,5,49,4,331
2018,2004,2,1201.7877269962926,6,55,3,101
2018,2009,1,1201.7877269962926,6,50,3,101
2018,2005,2,584.2359550990507,7,50,4,669
2018,2009,2,1204.0635996607966,7,52,4,101
2018,2006,1,843.7504667202514,1,50,2,596
2018,2010,1,843.9730498562253,1,48,1,101
2018,2006,1,843.589416175319,1,50,3,328
2018,2010,2,850.541732126957,2,49,1,101
2018,2008,2,1129.6726730301139,5,52,2,572
2018,2010,2,1143.063230698377,6,52,3,268
2018,2008,2,1142.548095102862,6,55,2,465
2018,2010,2,1057.7794663183095,3,55,3,648
2018,2009,2,799.0695996706586,3,50,1,321
2018,2011,1,256.75477815653613,6,51,2,101
2018,2009,1,258.21351690071174,6,55,4,101
2018,2012,1,256.75477815653613,6,50,3,101
2018,2010,1,949.5962884358147,7,48,1,101
2018,2017,1,1073.572142874657,5,54,3,333
2018,2010,2,1073.572142874657,5,49,4,320
2018,2018,1,337.2712803843883,6,51,3,101
2018,2010,2,350.5246672955581,6,55,1,101
2018,2018,2,1156.5092312612946,1,52,1,101
2018,2011,1,1157.5813105581854,3,51,4,284
2018,2018,2,1158.8964510781566,4,53,1,101
2018,2012,2,1128.8343453267694,5,52,1,101
2018,2018,1,237.11737008013327,3,54,2,101
2018,2014,1,408.66865609172146,7,53,3,258
2018,1985,2,1036.6178747428394,1,59,4,101
2018,1984,2,335.5367694925038,5,62,1,101
2018,1988,2,916.3102229996508,4,62,2,101
2018,1985,2,584.1259156699784,5,63,2,101
2018,1990,2,216.27294642882597,4,60,1,101
2018,1988,2,557.7449483607752,5,59,1,101
2018,1991,2,553.4001459211995,2,60,1,101
2018,1988,1,75.52684406335737,5,61,4,532
2018,1993,1,980.6300345609219,7,59,4,101
2018,1990,2,363.60385243017964,3,59,2,101
2018,1996,2,1145.1126595118071,2,60,1,101
2018,1990,1,753.6628095799465,1,60,1,101
2018,1997,1,990.9864469360189,5,60,3,101
2018,1991,1,654.7075744892356,6,61,3,101
2018,1997,2,916.6935407797928,1,62,2,101
2018,1993,2,918.4608281541169,1,60,2,101
2018,1997,2,206.49661462607386,7,63,4,101
2018,1995,2,203.47041324461878,7,58,1,101
2018,1998,1,1142.216318353031,4,62,3,101
2018,1997,2,540.2323234735702,4,62,3,101
2018,1999,2,877.3991631247114,2,62,2,101
2018,1999,1,1247.8662240974036,2,61,4,101
2018,1999,2,1242.7993872708155,4,63,3,101
2018,1999,2,1144.1626588515405,2,62,2,101
2018,2000,2,445.16375660514785,5,59,4,653
2018,2002,2,1266.8004010421164,3,56,4,757
2018,2000,2,257.41540492122806,3,60,4,577
2018,2004,2,259.9200873822518,4,58,2,468
2018,2000,2,30.50467133326599,2,62,4,101
2018,2004,2,562.789978027344,7,60,4,101
2018,2003,2,562.789978027344,7,59,2,510
2018,2005,2,1059.4359769760474,1,60,4,101
2018,2004,2,531.1122260724296,7,60,3,101
2018,2006,2,1267.3340737752733,2,58,2,455
2018,2012,2,1061.4936676975435,1,62,2,486
2018,2006,2,1156.6970969587608,7,61,4,101
2018,2014,2,1092.0129708058125,1,57,2,468
2018,2007,2,562.789978027344,5,63,3,101
2018,2014,2,1260.150007190654,3,62,3,101
2018,2010,2,95.00427581991265,7,57,4,101
2018,2015,2,1132.0830100425026,3,60,1,101
2018,2012,1,333.804001293786,1,57,2,101
2018,2017,2,670.7731021787788,6,58,2,101
2018,2015,2,966.3773809620823,2,60,2,101
2018,2018,1,765.2549274706756,6,59,1,287
2018,2015,1,590.5293986110867,6,62,1,101
2018,1986,1,893.9697634945708,5,67,1,101
2018,1985,1,1134.6847845573027,5,87,1,498
2018,1987,1,627.0735896262057,5,69,3,101
2018,1988,1,257.70101670024724,1,67,4,418
2018,1988,1,111.5320349496683,1,68,4,101
2018,1988,1,1215.8747055211934,5,69,2,666
2018,1988,2,921.4136685617295,1,73,1,101
2018,1988,2,1132.838643523583,1,71,4,101
2018,1988,2,363.23818340274244,5,76,1,418
2018,1988,2,244.23790536807766,5,74,4,321
2018,1988,2,256.72840002300785,1,87,2,101
2018,1988,2,547.2340544915544,4,82,2,101
2018,1988,2,111.8529732233817,1,88,1,654
2018,1989,1,217.9680341762376,5,73,1,534
2018,1989,1,1107.0050912281501,5,67,2,101
2018,1991,2,1192.7568280973248,5,66,3,262
2018,1989,2,1044.3624247359012,5,75,4,101
2018,1991,2,1141.7024390680303,1,75,3,469
2018,1989,2,838.5534633600378,4,83,3,101
2018,1991,2,734.2932876737586,5,81,4,101
2018,1989,1,1195.1053163109102,5,86,3,466
2018,1991,2,555.4098427172272,4,83,1,664
2018,1990,1,558.9132619060058,4,67,4,101
2018,1991,1,293.4338965035166,1,87,1,440
2018,1990,2,650.605764137579,2,71,3,270
2018,1993,2,179.1038750200979,5,74,1,101
2018,1990,2,179.9479221482426,5,73,1,101
2018,1993,1,627.1017842878944,4,86,3,262
2018,1990,1,292.24794292677444,4,75,2,763
2018,1994,1,799.9704254004354,5,80,4,288
2018,1990,1,177.6212272904738,7,77,1,101
2018,1994,2,216.4773003819828,7,87,4,147
2018,1990,1,684.0931237969149,5,79,4,101
2018,1995,2,285.3416618104302,5,83,4,597
2018,1990,2,600.508474966547,6,83,4,101
2018,1996,2,965.4835526246846,6,69,3,101
2018,1990,1,983.9847026280415,6,87,1,664
2018,1996,1,362.41919308930113,4,78,1,101
2018,1990,2,602.5278011140805,6,89,4,101
2018,1996,2,173.10474958338486,3,87,1,355
2018,1991,2,670.7138239312374,2,66,3,261
2018,1997,1,764.7894365634294,4,70,3,649
2018,1991,2,841.3980340517433,6,71,2,467
2018,1997,1,589.8413589933459,7,83,4,586
2018,1991,1,694.6566653750205,6,74,3,257
2018,1998,2,217.46090035434835,6,71,4,101
2018,1991,1,836.2452772560465,1,78,3,259
2018,1998,2,562.789978027344,3,78,1,599
2018,1991,2,654.9822752588167,6,83,3,101
2018,1999,1,654.0160111405245,6,64,1,101
2018,1991,1,148.24819136322975,7,87,4,101
2018,1999,2,720.3877476235106,1,70,3,316
2018,1992,2,1150.2194987796324,1,65,1,315
2018,2000,2,258.5023136983001,5,67,3,150
2018,1992,2,543.7823113939727,6,78,1,213
2018,2000,2,416.3118864702822,3,71,4,158
2018,1993,1,1247.2940518744917,3,78,4,377
2018,2000,1,562.789978027344,5,76,4,332
2018,1994,1,61.78776223993313,7,69,4,320
2018,2000,1,1270.1158402587232,6,79,1,101
2018,1994,2,1194.5536429787658,6,70,2,101
2018,2000,1,1195.6532383376527,6,82,1,101
2018,1995,1,1149.5868631000178,3,81,3,725
2018,2000,1,671.0841867231344,4,86,4,101
2018,1996,1,362.6071603044006,3,68,4,369
2018,2001,1,1055.183489678005,1,74,2,412
2018,1996,1,310.52679950547235,1,70,1,101
2018,2001,1,1175.0894400459335,7,82,3,293
2018,1996,1,1159.8586577059705,4,85,4,318
2018,2002,1,1110.6814837690545,3,79,3,412
2018,1997,1,796.5638841029697,5,81,1,101
2018,2002,1,82.67175817073436,3,81,4,101
2018,1997,1,155.9470561555676,1,83,3,295
2018,2002,1,414.0843402737053,3,84,3,101
2018,1997,1,410.08405736893263,3,87,2,649
2018,2002,1,292.3964412186044,1,87,1,101
2018,1999,1,231.21550383980747,5,66,4,531
2018,2003,1,230.79604902770603,3,68,2,101
2018,1999,1,45.25694489274458,4,82,3,101
2018,2003,1,225.47467638450993,7,68,4,101
2018,1999,1,227.71897876030312,7,85,2,587
2018,2003,1,785.0357319443866,3,69,2,101
2018,2000,2,447.0286029637036,3,68,1,632
2018,2003,2,447.55685163721336,3,71,1,565
2018,2000,2,47.567708956847966,5,69,4,135
2018,2003,2,877.0142667518444,2,74,1,159
2018,2000,2,878.188109723128,7,70,1,159
2018,2003,2,879.3732562043693,7,74,1,101
2018,2000,2,242.95910544169317,4,78,1,599
2018,2004,1,153.44613517925677,5,71,2,101
2018,2000,1,536.1441369442775,5,83,2,707
2018,2004,2,28.324058301905158,2,73,3,101
2018,2001,2,422.78031941861997,6,64,1,101
2018,2004,1,116.78296919611745,6,82,3,687
2018,2001,1,115.16401995462371,7,69,1,101
2018,2004,1,31.88595116429754,2,87,1,680
2018,2001,1,168.01819824842985,2,78,1,668
2018,2005,1,458.61635187786044,2,71,4,752
2018,2002,1,674.0218236999765,6,76,3,653
2018,2005,1,681.794890248672,6,74,2,101
2018,2003,1,671.9189493360816,3,67,2,101
2018,2005,1,671.0046021727568,3,79,1,101
2018,2003,1,1158.2126143875848,3,68,4,655
2018,2005,1,1143.1056647683222,5,83,4,130
2018,2003,1,361.74734812391563,2,69,1,269
2018,2005,1,1142.6506362584396,5,83,3,101
2018,2003,1,1140.5883394847135,5,78,4,101
2018,2006,2,177.9418123730146,3,76,4,269
2018,2004,1,1143.8427055589077,6,65,1,314
2018,2006,1,1142.3261896114482,3,77,1,670
2018,2004,2,1142.9740061517664,1,69,1,101
2018,2006,2,876.9861584559218,2,79,3,101
2018,2004,2,1193.3339070788093,4,70,3,288
2018,2006,1,1192.01560362527,3,82,1,678
2018,2005,1,558.0843493778798,6,66,4,286
2018,2006,1,552.7422125505691,6,86,4,287
2018,2006,1,876.7501610629467,3,68,3,578
2018,2007,2,156.9530915427023,6,70,1,101
2018,2006,2,241.19643822257103,4,72,1,587
2018,2007,1,245.00345701609018,4,71,2,665
2018,2007,2,1133.8336496426716,1,73,1,594
2018,2007,1,1265.2639976768187,2,86,4,101
2018,2007,1,1157.1446520014447,6,87,1,187
2018,2007,2,385.638593429168,4,86,1,378
2018,2008,2,363.1596276068648,3,87,2,101
2018,2008,1,799.2645638448663,3,79,1,521
2018,2009,2,1201.5797331610493,4,72,4,194
2018,2009,2,649.8670798250281,2,69,1,563
2018,2009,2,728.173077842144,3,73,1,101
2018,2009,2,108.90877657518523,3,83,4,101
2018,2009,2,156.28417753961068,6,77,4,101
2018,2010,1,155.71398899647667,6,67,4,538
2018,2010,2,360.61668713092075,3,73,3,101
2018,2010,1,446.2388551036794,3,71,4,101
2018,2010,1,626.3022925422713,1,86,1,101
2018,2010,1,625.129817686703,1,73,2,101
2018,2010,2,785.314079991814,4,86,1,101
2018,2010,1,1214.5437564075269,4,74,3,101
2018,2010,1,46.85278349429426,2,86,1,101
2018,2010,1,349.2137307573446,7,87,4,101
2018,2010,2,58.659434495791295,7,87,2,101
2018,2010,1,115.00523713582986,7,87,2,101
2018,2010,1,351.7603359588882,7,87,4,101
2018,2011,1,1111.45727239486,1,70,4,101
2018,2010,2,1119.130250130708,1,87,4,101
2018,2011,2,1258.5391430421905,7,78,1,101
2018,2011,1,1146.1616925104177,2,68,4,101
2018,2011,2,540.2652445474295,7,86,3,101
2018,2011,1,686.5877484443503,7,87,2,101
2018,2011,2,1193.971145638665,7,87,2,101
2018,2011,2,841.3718300465385,4,87,4,101
2018,2012,2,843.3859066292588,4,64,3,185
2018,2012,1,286.27452756898504,5,66,4,101
2018,2012,1,135.22807277994292,2,70,4,101
2018,2012,1,654.279595909196,5,73,1,101
2018,2012,2,1156.1418092075244,3,78,1,101
2018,2014,2,643.0860467388886,5,64,2,101
2018,2012,2,843.4761985134671,4,83,3,101
2018,2015,1,256.3341439602131,1,64,4,101
2018,2013,1,850.8548558423795,1,73,4,101
2018,2017,1,562.789978027344,5,64,4,101
2018,2013,1,562.789978027344,5,86,4,101
2018,2017,1,1231.6927523220352,2,69,1,268
2018,2014,1,447.1801973037534,6,68,4,268
2018,2017,2,444.2455634844962,6,77,1,101
2018,2014,2,110.18474210203286,6,74,4,330
2018,2018,1,242.3289569198481,3,64,1,101
2018,2014,1,361.2997924517493,6,83,2,101
2018,2018,2,362.7853015643789,6,65,4,101
2018,2014,2,413.53331322699495,3,84,4,101
2018,2018,1,1132.9356077860562,6,66,1,101
2018,2015,1,626.7884405328391,6,74,1,101
2018,2018,1,1157.1326261541953,6,69,4,101
2018,2015,1,1158.9623415072203,6,78,4,268
