EF21,TAETIGKEITSSCHLUESSEL4,B52,EF16U2,EF41,TAETIGKEITSSCHLUESSEL5,PERSONENGRUPPE
130347,2,1493.1576224452026,3,7,1,101
82239,1,1286.642561022666,3,14,1,101
38751,2,1510.3687412054549,2,14,2,101
89109,1,179.18543535239124,6,14,1,101
336198,2,670.9048421758515,2,16,3,101
95969,1,293.33923197636614,6,14,1,101
154965,2,869.6117312897029,5,16,4,101
76438,1,1169.272820804696,2,14,1,101
160874,2,935.4098345067549,5,16,4,101
13232,2,856.3408872914098,5,14,3,101
48432,2,1261.4436830379932,2,17,1,101
130347,2,1493.1576224452026,3,14,1,101
168573,1,129.04435508690318,3,17,3,101
12906,1,859.200785471815,4,14,1,101
188865,2,892.6514863273663,5,17,4,101
125988,2,1259.805793120471,1,14,2,101
341264,2,273.3385085066278,5,18,4,101
193408,1,109.14881362427434,1,14,2,101
358082,2,774.7079505515314,5,18,3,101
270604,1,104.66251417868583,5,15,4,101
118953,1,1145.04993937589,7,18,2,101
206192,1,167.46499878251743,1,15,3,101
190368,2,1269.2791794054415,4,18,1,101
307761,2,293.1451260479959,5,16,3,101
154319,2,866.8249997132583,5,18,4,101
115579,1,1110.0051106566063,7,17,3,101
192672,2,104.82898992627585,1,18,3,101
46158,1,818.4203989569054,5,17,4,101
29853,1,1158.7963388026953,6,18,4,101
310859,1,783.4415003502289,4,17,1,101
160493,1,1156.6252648894276,5,18,4,101
211482,2,125.82465060771372,6,17,4,101
93204,1,1256.1165561071243,1,18,2,101
211208,2,1038.7269300629778,5,18,4,101
190289,1,1269.5288323943194,4,18,1,101
267666,1,991.3219230168514,5,18,3,101
119144,1,1241.1052904897829,1,18,2,101
206138,1,63.32641534235594,6,18,2,101
212120,2,907.5826364096839,7,18,2,101
69407,2,445.6723016843726,2,18,3,101
172497,2,256.89659394149277,5,18,1,101
266934,1,991.7026452353649,5,18,3,101
311212,2,247.37215091012655,3,18,3,101
213332,1,983.2157675633304,2,18,3,101
115579,2,1110.0051106566063,7,18,3,101
251268,2,110.08970134405298,3,18,1,101
118841,1,1148.437121718295,7,19,4,101
178641,1,990.9019068762703,3,18,2,101
203513,1,106.34174275108411,1,19,3,101
45650,1,821.1390718808262,5,18,3,101
336826,2,892.3442943943114,5,19,4,101
98353,2,346.8777122428361,5,19,4,101
236340,2,1036.4210602354312,5,19,1,101
45106,1,892.4837479671622,3,20,4,101
130274,2,1277.390382001962,1,19,3,101
23850,1,118.78448003569342,2,20,3,101
282523,1,868.0688157460617,2,20,3,101
170436,1,384.8306973084349,2,20,3,101
124964,2,367.7855362053921,7,20,4,101
373414,1,59.58297995912696,5,20,3,101
22674,1,650.8022552577147,3,20,3,101
216265,2,964.8218058320842,5,20,3,101
236904,2,1038.7905939706773,5,20,3,101
283104,2,493.24565490415813,5,20,4,101
226365,1,841.9111300555633,2,20,3,101
160115,1,362.9117293433332,6,20,3,101
311492,1,240.1252243371407,3,20,2,101
113355,2,203.1429034074436,5,20,4,101
29362,2,741.6733087829589,4,20,1,101
275504,1,307.6933434762642,2,20,3,101
182946,1,929.7520668941141,3,20,3,101
99671,1,350.7027021835801,7,20,2,101
330481,1,1106.2008437138306,4,20,3,101
62590,2,176.4085378181069,7,20,2,101
24991,2,445.3937381914202,2,20,1,101
62733,2,877.7771892823923,2,20,3,101
229436,2,106.97357316284936,1,20,4,101
227196,2,1264.9206930888527,4,21,3,101
227315,2,803.7593214503327,2,20,3,101
226415,2,801.9669656564452,2,21,1,101
323237,2,115.01978296403917,2,20,1,101
159666,2,257.50350175204267,5,21,1,101
340891,2,428.67008170774693,3,20,1,101
361864,2,1192.433214638556,4,21,3,101
310408,2,245.45979195642022,5,20,1,101
107730,2,276.27890401731094,4,21,3,101
283236,2,272.33215888521215,4,20,1,101
37390,2,119.80288491593763,4,21,3,101
23746,2,642.0341837655461,3,21,4,101
107581,1,119.32698619255825,3,24,4,101
103905,1,419.99776952888766,3,21,1,101
24711,2,857.4106591316637,5,24,4,101
212565,2,876.215563353722,2,21,3,101
42747,2,68.78373386891597,6,24,1,101
95694,1,787.0915763583074,5,21,1,101
206381,2,892.9931654809759,7,24,2,101
102190,2,1265.1925830919092,1,21,2,101
274649,1,124.13728657110941,7,24,1,101
221950,1,207.8725136924463,5,21,3,101
164871,2,717.8018426603905,2,25,2,101
250470,2,893.5087551446569,3,21,1,101
341502,1,1158.1779884558641,5,25,1,101
41260,1,118.13551306044468,2,21,3,101
163704,1,1135.5038555907122,5,27,3,101
268986,2,766.9341736646254,3,21,3,101
205979,2,132.8607927688419,7,29,3,101
23568,2,655.2793913902674,3,21,4,101
283572,2,892.0778758605283,3,29,4,101
251268,2,110.08970134405298,3,21,1,101
119324,2,1250.1475420580189,7,29,2,101
51589,2,1256.6109584806482,6,22,4,101
119324,1,1250.1475420580189,7,30,2,101
29853,1,1158.7963388026953,6,22,4,101
288959,1,107.42162408959138,3,30,3,101
329169,2,1105.7637488901175,4,23,3,101
363334,2,1175.330647811954,5,30,4,101
22739,2,642.9614083417281,3,24,2,101
107667,2,80.10582737118533,6,30,1,101
226466,1,283.481810561187,3,24,4,101
60731,1,243.17455578258543,6,30,2,101
226417,1,843.2969228470042,7,25,4,101
315803,1,328.53123528230594,6,30,4,101
130340,1,1279.8189147060625,1,26,4,101
154497,1,134.783455390614,1,30,4,101
119500,2,1235.1463905723213,1,26,3,101
341272,1,1159.9795259799548,4,30,1,101
340034,1,1159.6444626269974,5,26,4,101
288647,1,825.2636989289042,2,25,3,137
24179,1,247.127232545274,4,27,3,101
250451,1,816.0041178766505,6,29,2,146
342243,2,910.4138996764827,5,28,1,101
231935,2,394.2576430664257,3,26,4,149
107983,2,85.82917096375314,6,29,4,101
13122,1,983.0140471821081,3,29,4,150
290652,1,177.41562636454353,6,30,3,101
154053,2,244.05683293434902,4,22,4,158
259727,1,362.56513368702974,6,30,3,101
288689,2,415.45259766200036,6,30,2,158
48370,2,87.53977696518169,7,30,2,101
270030,1,392.8290037585135,6,25,3,159
207389,1,287.96450278818213,2,30,3,101
307831,2,28.82930358856228,3,26,4,172
155184,2,1109.085421624033,4,30,4,101
360951,2,235.2394055224198,3,18,2,213
196624,2,1256.6175268159877,4,18,1,151
42155,1,130.74101053772577,4,33,4,15
93924,1,614.8104453444823,5,32,4,101
148592,2,444.67774801970705,1,32,4,101
118976,1,1248.6783684278353,7,32,2,101
107550,2,1150.377547032104,3,32,4,101
193708,2,908.8791395103477,1,32,4,101
193708,2,908.8791395103477,1,32,4,101
329127,1,175.34777198696744,7,32,1,101
36575,2,606.8354152098677,1,33,4,101
333300,2,113.98203170481797,7,32,1,101
341635,2,1128.200005114674,6,34,2,101
31028,1,1156.130558149354,7,32,4,101
68928,1,603.9291002619776,7,35,1,101
165562,1,130.37500753901395,1,33,1,101
314401,2,444.4815630952995,2,35,3,101
358268,1,393.5676616381695,2,33,3,101
68455,1,44.22251467699168,7,35,1,101
241063,2,917.9268063612387,2,34,3,101
165536,2,265.6612140339843,2,35,2,101
373784,2,1041.430235924745,2,34,2,101
211545,2,240.8064357364863,2,35,3,101
240967,2,446.3984910837155,1,35,3,101
373838,2,877.7440565423011,2,35,3,101
164972,2,86.28566024100552,6,35,2,101
249568,2,732.5524184316344,2,35,3,101
373784,2,1041.430235924745,2,35,2,101
314401,2,444.4815630952995,2,35,3,101
68928,1,603.9291002619776,7,36,1,101
249568,1,732.5524184316344,2,35,3,101
358268,1,393.5676616381695,2,36,3,101
68928,1,603.9291002619776,7,35,1,101
373784,2,1041.430235924745,2,39,2,101
241063,1,917.9268063612387,2,35,3,101
290713,1,419.26361624812364,6,39,3,101
344050,1,753.6941430922277,4,36,2,101
230186,2,611.1261373833642,5,39,3,101
66640,2,610.2832354045751,2,36,1,101
316142,2,1052.2096023667289,5,39,2,101
95970,1,1156.8218599814675,3,37,4,101
358016,2,310.3405542296974,6,39,4,101
323351,1,264.9356854700613,3,37,3,101
249568,2,732.5524184316344,2,39,3,101
376933,2,462.8324693303467,5,37,2,101
125716,1,229.6383180600544,7,39,1,101
211607,2,1157.3890344588053,2,38,2,101
107713,1,610.5836065841272,3,39,3,101
230107,1,608.4406309768615,5,38,2,101
68717,1,933.617310860865,7,35,1,158
29283,1,1262.7726136064177,3,39,3,101
107714,2,1079.492972903981,3,35,3,159
35954,2,1159.802232493323,6,39,2,101
363294,1,415.46153685611654,3,35,4,159
207097,1,459.5309060473422,6,39,2,101
282214,1,1156.5882193788898,3,32,3,168
68717,1,933.617310860865,7,39,1,101
211140,1,171.7069337395632,5,32,4,186
241010,2,150.1541112974057,5,34,4,109
250944,2,562.789978027344,5,33,4,190
290368,2,423.8882472209523,6,40,2,101
368338,1,217.9742117898512,2,40,2,101
102931,1,275.3596328950284,6,40,2,101
154412,1,81.4933977842013,2,40,2,101
283144,1,1156.9055545286787,2,40,2,101
95605,1,1156.4208931583023,3,40,3,101
165178,1,305.0527008862783,5,40,2,101
36491,1,1158.7878983686217,6,40,2,101
147447,1,878.099597015079,2,40,2,101
330496,1,923.952155733764,7,41,1,101
165674,1,264.2691372776346,6,40,2,101
236737,2,1217.885787831963,5,41,1,101
57083,1,926.0162380756602,6,41,2,101
362899,1,409.4252220099646,3,41,1,101
383604,2,627.7823064772535,2,41,1,101
17831,1,931.530678311684,4,41,2,101
172651,1,380.60972937642646,5,41,2,101
51996,1,159.72440556803443,1,41,3,101
146662,1,986.2774887701077,2,41,2,101
48336,1,1078.6712733414697,6,41,2,101
267110,2,1156.0507639160576,5,41,2,101
345417,2,415.95503678215005,7,42,4,101
208116,2,1156.556394170295,2,41,3,101
146662,1,986.2774887701077,2,43,2,101
347761,1,447.13002870704213,7,41,1,101
27562,2,721.8251473440046,1,43,1,101
17178,1,1102.1451687478252,3,42,3,101
258101,1,173.90233242183282,5,43,2,101
289130,1,61.5475509956862,3,42,1,101
255290,2,893.139651391042,6,43,2,101
310955,1,1221.1189944287187,4,42,3,101
278720,1,1141.8128267235968,5,43,1,101
279498,1,1141.8860889128102,5,42,2,101
336875,1,746.3640906131593,5,43,1,101
223660,1,293.73680058093464,2,43,2,101
164990,1,117.28744656139216,3,43,4,101
271755,1,1118.5882909738452,5,43,2,101
77397,2,135.25282104246418,5,46,4,86
42368,2,217.35955435455023,5,44,1,101
165394,2,310.2118193871424,4,44,2,101
184654,1,820.4932068917378,1,44,3,101
322643,2,265.8916465415599,7,44,1,101
24981,1,931.2645382479486,5,44,1,101
65346,1,240.70927622308125,3,44,4,101
126772,2,1055.804802413414,5,44,3,101
183851,1,200.51051455536768,5,44,3,101
274756,1,22.976432051180193,5,44,2,101
235640,1,785.5338711583755,3,44,4,101
271749,1,1117.8399332852914,5,44,1,101
236333,2,1223.0293679156302,5,44,1,101
79121,2,25.487292912065943,7,44,2,101
200804,2,470.63732650560814,6,44,2,101
26939,1,724.3913738352446,1,44,3,101
259633,2,1257.4661184595666,1,44,4,101
310686,1,758.3435576958557,2,45,1,101
319206,1,134.7754247365322,5,45,1,101
164963,1,203.0500811388932,7,45,2,101
251225,2,1078.0009943855887,7,45,1,101
368971,1,178.19025043824385,2,46,2,101
68098,1,869.5465815316209,7,45,1,101
28347,1,720.7744240294905,1,46,2,101
74579,1,63.61747462253008,7,45,2,101
318239,1,131.5793847135336,5,46,3,101
243238,1,113.73307633534976,4,45,3,101
184654,1,820.4932068917378,1,46,3,101
12919,1,1133.594658491481,4,46,2,101
202796,1,861.7583728891531,5,46,3,101
373932,1,984.3143876070527,5,46,2,101
55677,1,925.002641591246,1,46,4,101
51673,1,989.424802657045,5,46,2,101
231720,1,538.9439545323085,6,46,2,101
323669,1,246.94946751823943,2,46,3,101
373759,2,1193.4490377701206,7,47,4,101
28347,2,720.7744240294905,1,47,2,101
381710,2,643.8389527007794,3,47,1,101
79182,2,1225.3754089433385,4,47,2,101
36582,2,855.0584798362785,3,47,4,101
79148,2,61.187948491080306,7,47,3,101
251041,2,625.662286377268,6,47,2,188
37287,1,861.7722279009938,5,48,4,101
344004,1,1109.0995951890916,6,49,4,101
226327,1,1260.138932231521,2,49,1,101
36603,1,1143.7379574438348,5,49,4,101
36603,1,1143.7379574438348,5,49,4,101
162920,1,589.8399328514904,7,49,2,101
15700,1,764.6248275320307,2,49,1,101
52998,1,447.0625920767379,1,50,1,101
119171,1,177.32216417890263,7,49,2,101
45316,2,851.689794915123,2,51,1,101
301281,2,446.7529405340461,5,49,4,101
36231,2,1143.298818807891,5,51,4,101
52485,2,216.50702561407002,1,49,4,101
310901,2,1128.7442704781283,3,51,1,101
157813,2,845.4137700064664,1,49,4,101
12949,2,842.8285497702911,1,51,1,101
254467,2,1228.112187936579,1,50,4,101
233554,1,129.45263744631802,4,51,3,101
226350,2,1078.4380701832476,2,50,1,101
212740,2,1102.5487982240018,3,51,1,101
52286,1,77.65858724596235,3,50,4,101
314697,2,1142.4358436151456,3,51,4,101
300066,1,1048.119812186874,5,50,4,101
374772,2,835.4313279957837,1,51,1,101
102063,1,1143.7718561363213,4,50,3,101
341937,2,1058.9492545123846,1,51,3,101
223517,1,1157.737898184178,6,51,4,101
389963,1,562.789978027344,5,51,4,101
119142,1,1075.758858014947,3,51,1,101
29255,2,1150.310631867948,3,51,4,101
341160,2,1059.5380429761383,1,51,3,101
373430,1,834.2248292518938,1,51,3,101
226878,2,1076.7798552979802,1,51,3,101
230104,2,154.3314149083883,5,51,4,101
148702,2,835.8298773428401,3,51,4,101
107793,2,589.4617742262897,6,49,2,212
104057,1,1145.3345014921185,3,51,4,101
317982,2,816.2767917792196,7,51,2,249
382331,1,624.095681579187,2,52,1,101
114931,1,544.8423094917084,6,52,4,101
322724,1,366.1825573878846,1,52,4,101
336541,1,1131.8455992049514,2,52,1,101
352148,1,1158.0318918480427,3,52,1,101
86056,2,1157.6313596255961,6,53,3,101
200770,2,863.4745048406925,7,52,4,101
99638,2,1145.6754580564043,5,53,3,101
316612,2,94.92971423259975,3,52,4,101
86586,2,1156.2086974644676,5,53,4,101
352148,2,1158.0318918480427,3,52,1,101
382331,2,624.095681579187,2,53,1,101
86714,2,1159.4795615778673,6,53,4,101
204105,2,466.94688970991865,7,53,2,101
386406,2,366.83432312105526,6,53,2,101
336495,2,1132.071929638869,2,53,1,101
318766,2,860.142959996269,7,53,4,101
289157,2,550.4004397298296,2,53,1,101
47686,2,1140.889230333309,4,53,4,101
68400,2,487.38663637165706,2,53,1,212
311085,1,216.06887444866805,3,53,4,101
47686,2,1140.889230333309,4,52,4,249
323347,1,481.23689146997987,1,54,1,101
288838,1,205.71655746281928,3,54,4,101
105907,1,876.5488848551105,3,54,4,101
22560,1,803.1400776174829,7,54,4,101
232075,1,503.758082081123,2,54,1,101
236758,1,821.0182099927623,7,54,4,101
386097,1,1131.845965373968,3,54,1,101
358003,1,1110.8519711129097,1,54,2,101
154998,1,201.82936159475594,3,54,4,101
148639,1,818.4003865436829,1,54,1,101
86517,1,374.4827036158379,6,55,2,101
389209,1,602.5945323342232,6,55,4,101
11348,1,906.4076520745534,3,55,4,101
49168,2,549.307975596666,2,56,4,101
310833,1,1133.7881843540438,3,57,2,101
127614,2,241.82264140809593,3,56,4,101
56436,2,551.7034476847529,7,57,3,101
361356,1,857.0462808359573,5,57,1,101
357959,2,306.13948602689345,4,58,2,101
108243,2,369.13337804834896,6,57,2,101
282786,2,851.9091176428843,5,58,2,101
251427,2,90.10956158811382,2,57,4,101
45548,2,737.0053107873409,7,58,4,101
213685,1,1049.2111442885341,3,58,4,101
117962,2,344.3766723253596,5,59,1,101
287722,1,1140.9616416855436,3,58,4,101
55389,1,547.5602815323236,7,59,2,101
107634,2,611.7579143767086,3,58,4,101
47498,2,131.71277138454812,3,59,4,101
106221,1,1058.1977647729746,3,58,2,101
29639,1,1261.3865814223564,3,59,4,101
31146,1,1260.3316868950524,3,58,4,101
165468,2,360.9776135871213,6,59,2,101
372811,2,420.35574405611857,3,59,2,101
154246,2,723.4758135813521,2,59,2,101
46772,2,653.1506716554524,7,59,2,101
1632,2,839.710738653982,1,59,4,101
274859,1,648.1791563057038,5,59,2,101
198867,2,430.14365100673024,1,59,2,101
317417,2,1142.8893850367297,1,60,2,101
230867,2,1257.149906912831,1,59,4,101
311430,2,1078.421974071139,5,60,2,101
315539,1,1142.5023246664277,1,59,1,101
55910,2,81.22623273447115,2,60,2,101
283514,2,459.71493059148673,1,59,2,101
317868,2,1043.886385196327,1,60,1,101
127651,2,982.1158397975303,3,60,4,101
148872,2,859.1363420012432,2,60,2,101
310823,2,1133.2692229125898,2,60,4,101
259821,2,1036.6760671668574,1,60,2,101
390105,2,671.7399216531807,5,60,1,101
390495,2,671.2568361320538,5,60,1,101
46731,2,115.87283280839935,1,60,2,101
336752,2,1046.2443026061626,1,60,2,101
230686,2,1054.3131703202605,1,60,2,101
268412,2,1042.6690262891786,1,60,4,101
208048,2,1058.367088759442,4,60,4,101
30743,1,803.0486215514649,5,61,1,101
251212,2,859.7728878169102,2,62,4,101
30743,2,803.0486215514649,5,61,1,101
45410,1,56.824820955462165,7,62,4,101
86572,1,798.5858304418645,4,62,3,101
103296,1,716.280988346068,6,62,3,101
50461,1,1141.1011272090507,2,62,2,101
60786,2,728.193515730688,1,62,2,101
47555,1,241.65255557579246,1,62,2,101
250408,2,385.36075543301314,2,62,4,101
315520,2,1141.056893353557,1,62,2,101
164953,1,336.10028977825266,5,62,1,101
234289,1,1194.1467888710683,1,62,2,101
282997,2,498.0593536997239,1,62,2,101
343389,2,1133.1883639806417,4,62,4,101
49987,1,692.0759671410215,2,62,4,101
350621,1,836.3040875134013,6,62,2,101
310338,2,784.1023708483012,5,63,1,101
260079,1,414.5419812528633,4,62,2,101
373113,2,905.5528617381857,1,63,2,101
31219,2,415.3703415449752,2,62,4,101
94702,1,1079.6574259947627,4,63,4,101
94593,1,396.6552605226784,4,62,4,101
234870,2,28.58164642124903,4,63,2,101
29285,1,1260.2005319379957,2,62,2,101
99495,2,893.2406346262137,6,63,4,101
316028,1,655.4985785197791,6,62,2,101
98493,2,256.65547358029187,5,57,1,195
242785,1,1174.3513506610186,4,63,4,101
67164,2,836.8213274119803,4,61,2,213
29605,1,749.3413500311729,4,63,3,101
107726,2,945.5252294709476,4,60,4,234
165523,2,774.8347190172263,5,63,1,101
165523,1,774.8347190172263,5,60,1,249
155009,2,82.29394086132504,3,23,3,260
254703,2,95.60744425527584,3,29,3,268
254703,2,95.60744425527584,3,27,3,260
117057,2,392.1945100402365,4,52,2,268
289034,2,177.63988035957877,3,40,1,268
46507,2,787.3159969873564,2,52,1,268
208060,2,1259.1058136583813,3,50,1,268
229689,1,569.0650107041683,5,55,1,268
373920,2,417.4423076605428,2,50,1,269
340931,2,1221.7785140008914,5,29,1,269
340931,2,1221.7785140008914,5,50,1,269
340931,2,1221.7785140008914,5,49,1,269
342814,2,125.75285624073109,5,40,2,270
17134,1,1126.03594539262,5,51,3,284
180207,1,624.7136363399733,7,30,2,271
163145,2,307.37714584407524,7,16,2,285
311048,2,1174.6316881919734,5,44,3,271
93102,1,409.43129207753685,2,29,1,286
21993,2,1055.2675870174673,2,26,1,285
115579,2,1110.0051106566063,7,29,3,287
323579,1,853.1934716166099,2,29,1,287
36518,2,82.52975161038279,7,19,2,290
36518,1,82.52975161038279,7,49,2,293
323258,2,1159.8390107091539,5,37,1,291
95956,2,614.9562273209146,3,52,3,305
317050,1,127.21358839584548,6,28,3,300
119324,2,1250.1475420580189,7,50,2,315
107561,2,1156.410703363248,3,48,1,314
214395,1,965.4322922453251,7,55,2,319
222758,2,485.0657420902392,2,20,1,320
223796,1,851.397702360558,4,26,3,321
315391,1,767.5875526793035,3,16,3,321
104568,1,173.2853904470896,2,22,3,348
104568,1,173.2853904470896,2,30,3,330
315391,1,767.5875526793035,3,26,3,349
184858,1,83.8221505929823,2,30,3,371
310644,2,216.64423360696537,3,20,1,369
24755,2,1065.030314212398,2,7,1,382
211048,1,499.28478587711066,2,50,1,320
382331,1,624.095681579187,2,55,3,320
373521,1,726.0292973311527,4,37,3,321
163171,2,993.7852974949105,5,34,3,336
316460,1,1172.0494034557526,2,39,3,321
67181,1,786.6821303085604,5,34,2,339
165717,1,304.1490266892478,5,40,2,321
67181,2,786.6821303085604,5,35,2,348
67181,1,786.6821303085604,5,40,2,321
208764,1,1261.0076099761084,3,53,1,348
192925,2,877.4148175115121,3,54,1,329
288627,2,931.7643945662836,2,36,1,349
315515,1,88.10047113653921,3,52,3,333
99039,2,1119.932865649962,3,53,3,353
148664,2,240.45118321895617,3,53,3,342
93324,1,609.1143137361527,5,43,2,354
241095,1,914.1269972707017,5,35,3,349
288959,1,106.18161578281101,2,40,3,359
16550,2,1122.9482864651206,5,47,1,366
234096,1,1149.3217488600055,2,38,1,365
55605,1,784.6870594222661,3,46,1,369
36851,1,964.9563514454577,3,48,1,367
244027,2,168.78988360524826,2,39,3,371
367711,2,991.1743938758767,5,35,1,381
126469,2,1107.9697836222174,3,36,1,378
126469,2,1107.9697836222174,3,35,1,382
126469,2,1107.9697836222174,3,36,1,378
358219,2,562.789978027344,6,47,2,385
287373,1,1141.1425969814402,7,44,3,390
287564,1,264.7909827671071,6,46,4,386
48005,1,1208.6991567600899,6,18,4,394
153759,2,81.74268666929764,4,27,3,406
255794,2,893.4035737215985,6,18,3,413
282965,2,391.67359700911436,5,47,3,417
287296,2,259.5102222826305,6,30,3,413
17919,2,1126.6459873002648,5,47,3,424
233975,2,131.2557214768132,6,43,3,413
155331,2,879.7970263689889,5,0,3,442
370716,2,46.335251900863085,5,44,3,414
287598,2,562.789978027344,2,47,3,455
178956,2,421.64376568399945,5,40,1,415
280919,2,1059.4473229938499,5,54,2,466
113618,1,904.3767369473615,3,45,3,415
41976,1,909.1594251675263,6,53,4,468
36118,1,600.315761450102,6,41,2,422
117077,1,371.5822248233726,6,48,4,471
372981,1,515.2060534375877,6,46,2,440
372981,2,515.2060534375877,6,60,2,471
95917,1,866.0798712440043,4,45,2,455
223296,1,1156.019139291357,6,44,4,480
223296,2,1156.019139291357,6,25,4,460
358116,2,839.9315649309409,7,48,4,480
290884,1,280.4856332498425,6,29,4,464
98620,1,1106.4644322386985,6,32,4,485
363530,1,258.3601462373654,5,54,2,468
214900,1,207.52008317826653,7,48,4,485
212209,1,459.2065663583085,6,43,4,469
74455,1,483.27975117958965,6,54,4,488
25528,1,115.15470624947648,7,50,2,470
94277,1,519.4263092674701,5,36,3,492
163788,2,390.301155238147,4,44,3,496
163788,1,390.301155238147,4,30,3,495
117495,2,1049.7602098728808,7,21,2,499
165389,2,265.6903577481173,3,39,3,500
106378,2,173.40341425491962,7,20,4,509
288310,1,917.3471242693732,7,34,4,507
288310,1,917.3471242693732,7,46,4,511
389920,2,892.3276995436707,6,64,4,101
323516,1,671.5308917888602,3,64,4,101
272240,2,733.0502086250983,6,64,4,101
36133,1,541.3411105794083,6,64,4,101
165731,1,671.1802608743429,5,64,4,101
287663,2,893.7029864405073,6,64,4,101
323822,2,1232.5927915710936,3,65,4,101
184542,1,1088.88355694704,2,64,1,101
366012,2,992.4304897401818,1,66,3,101
274265,2,1159.8136473963696,6,64,4,101
16858,1,484.48908150553996,2,66,1,101
289651,1,1223.861332910227,2,64,1,101
289013,1,1217.244203072086,2,66,3,101
282481,2,16.2432811794074,3,64,4,101
316037,2,980.5338386742201,2,66,3,101
49692,2,216.39075969418573,5,67,4,101
55992,1,542.0243257821284,5,66,4,101
322738,1,610.0229960215154,3,67,4,101
216789,1,351.8779121999573,3,66,4,101
288991,2,105.13400713037494,3,67,4,101
323777,2,1247.3679748289617,3,67,4,101
92865,1,692.6896193476522,1,67,1,101
381321,1,929.6739307769145,6,67,4,101
180968,2,1159.7032263613385,3,67,4,101
145573,1,1193.9630336865362,1,67,3,101
29672,1,746.7400739677007,5,67,4,101
53066,1,707.3447685835235,3,67,4,101
113860,1,985.5291613635891,5,69,4,101
282095,2,350.2995572088581,3,67,4,101
36470,2,1223.6430649047397,6,69,3,101
101700,1,531.9005919587921,4,67,1,101
179994,1,987.3299723430055,3,69,4,101
36180,1,106.58272553977251,2,67,3,101
159459,2,823.5399367007345,1,69,1,101
148516,2,1128.0887268947886,1,68,1,101
311287,1,487.62069825095966,2,69,3,101
107816,1,589.9588097456434,3,68,4,101
155335,1,1224.3180818569995,6,69,1,101
102049,2,384.903992712742,1,68,1,101
86659,1,708.2860401934445,5,69,1,101
275673,2,47.30300439055849,5,68,1,101
107653,2,589.6411249837856,3,70,4,101
26956,2,859.1758701685544,7,69,3,101
104779,2,228.77452079958212,5,70,4,101
112971,1,671.8824754973632,5,69,4,101
361177,1,966.8026541139689,1,70,1,101
98454,1,705.5746750634434,4,69,2,101
17065,2,133.98332493794618,5,70,4,101
170155,1,562.789978027344,5,69,1,101
100233,2,388.63647660514556,4,70,1,101
102150,1,798.771273448471,1,69,1,101
323481,2,536.3293016328456,2,70,1,101
118633,1,45.44283925762271,2,69,1,101
60500,1,711.6160141156872,4,73,1,101
295128,1,224.1073231639473,6,69,3,101
17173,2,204.115933507272,4,74,2,101
67052,2,1077.986352890177,7,70,3,101
102150,1,798.771273448471,1,74,3,101
287671,2,562.789978027344,2,70,3,101
185215,2,989.9732057553649,2,74,1,101
104599,2,484.02433339787376,3,70,3,101
300887,2,1192.1372929202273,4,74,3,101
310751,2,282.3363632746301,5,70,1,101
125397,1,20.09458613849759,2,74,3,101
107877,2,528.782804441939,4,70,4,101
361088,2,367.3528645223626,4,74,2,101
307631,2,541.5401340029254,2,70,3,101
148873,1,1109.1300173791328,2,75,3,101
323040,1,385.0608582199118,2,70,1,101
323516,1,386.4680498233476,2,75,1,101
350962,2,907.5944480400829,1,71,3,101
265259,1,1143.9832601525666,5,75,1,101
360803,2,1158.6792031628424,1,71,3,101
361333,2,367.0312111625694,4,78,2,101
162840,2,216.65187314961054,6,71,1,101
126057,2,729.4761206891218,4,78,2,101
155063,1,725.481350608142,2,71,3,101
292522,2,796.175369988211,3,79,4,101
374772,1,1051.0397316097888,5,72,3,101
378283,1,1142.3591754571153,3,79,1,101
163236,1,591.1047466434263,7,73,1,101
343639,1,753.7819876221929,4,79,1,101
269111,1,812.3268899518309,7,73,1,101
215707,1,58.19408345443142,7,79,1,101
185267,1,676.7408787016101,7,74,1,101
301762,2,7.248546232724104,3,79,4,101
126995,1,1259.4227070068996,3,74,4,101
165082,1,764.8374335286669,5,79,4,101
165361,2,384.3182743175933,5,74,4,101
378158,2,1141.4424046314969,3,80,4,101
154025,2,964.9028869524751,1,75,3,101
104924,2,862.5565869130594,5,80,4,101
287268,2,852.6623906716634,6,75,3,101
211638,1,361.29287078327667,6,80,4,101
311146,2,705.8160583554958,6,75,4,101
347128,2,847.8651389355553,1,80,3,101
340833,2,562.789978027344,5,75,1,101
207761,1,444.3178819897128,6,80,1,101
336492,2,362.0428041539624,6,75,3,101
102624,1,495.05317814279505,3,81,4,101
344291,1,844.9275696705321,6,75,4,101
29737,1,45.70453343020291,7,81,1,101
390065,1,915.3167466130584,6,76,4,101
127696,2,609.8201439988763,3,81,4,101
317684,1,1158.931193007687,7,76,1,101
386851,1,366.7102841056319,6,82,4,101
364050,1,1140.5399942775134,1,76,3,101
51795,1,542.3797712443254,6,82,4,101
61220,1,734.8691805438834,1,76,3,101
389510,1,913.9828586575995,5,82,4,101
148597,1,1258.3671083190734,1,77,3,101
193990,1,348.3813689312125,3,82,4,101
29667,2,837.6063199873242,3,77,4,101
290636,2,431.76824424948796,3,83,3,101
190154,2,989.1299028557186,6,77,4,101
51304,2,536.5305552850317,1,83,3,101
49197,1,716.599073133257,2,78,1,101
373378,1,235.23865785362773,3,83,1,101
223428,2,45.68243119992212,6,78,1,101
169056,2,931.639927049056,1,83,1,101
317093,2,264.06008655708854,3,78,4,101
163714,2,587.5554660216733,7,84,3,101
153893,2,933.4195142955899,6,79,1,101
278884,1,1141.8790011632354,5,86,1,101
68024,1,257.9628057475811,6,79,2,101
299496,2,114.43486980845869,3,86,3,101
315642,1,614.8644340958543,3,79,4,101
69155,1,128.41372176346033,5,86,4,101
361753,1,541.8818759080385,6,79,1,101
189549,1,986.50106039804,4,86,4,101
240926,1,457.3414123113188,2,80,3,101
168870,2,217.5964790006781,3,86,3,101
145440,2,1063.0570810545983,1,80,1,101
35931,1,1194.1067813779634,3,86,3,101
101483,1,385.448326180796,1,80,1,101
93451,1,411.3169884899808,4,87,4,101
66928,1,345.0203976924829,4,81,1,101
213522,1,63.50531614447006,7,87,1,101
190365,2,62.44012121623487,3,81,3,101
74793,2,347.1647729720523,1,87,1,101
47881,1,710.1523816190067,6,82,1,101
36275,2,531.4595438680867,2,87,3,101
101569,1,752.1427294037843,1,82,3,101
347000,2,484.34660272049473,6,87,3,101
114833,1,444.94795301452837,7,82,3,101
336682,1,134.229752935755,5,87,1,101
387039,2,1195.4065287231072,5,82,4,101
164988,2,113.7909350724083,6,88,1,101
52420,2,728.7054990607096,5,82,4,101
363905,2,1143.5080122717184,1,88,3,101
179973,1,257.7507366349159,5,83,4,101
216802,2,58.32344988021419,6,88,3,101
165602,1,1315.0420587656768,7,83,3,101
335910,2,363.6513638776215,4,88,3,101
87095,2,374.95350860568766,6,83,3,101
207787,2,238.3600608396187,3,88,3,101
60421,2,241.3817555939444,7,83,3,101
155120,2,1263.8564004285527,1,88,3,101
162942,2,591.2993196608484,7,83,1,101
208853,2,111.75388769270701,6,89,3,101
159001,2,360.1592690892947,6,83,2,101
184846,1,967.8779115267009,1,89,3,101
115534,2,860.2218316158277,7,83,3,101
229437,1,30.011517100719416,2,89,3,101
230840,2,153.03905299945913,6,83,3,101
328224,1,292.6049476859872,2,89,3,101
269410,2,410.7500631296745,6,83,1,101
311471,1,819.6953666736512,6,89,2,101
87959,1,877.6429647249623,3,83,3,101
101521,2,347.14912644785795,4,71,4,146
230960,2,308.1828533356849,2,83,3,101
68908,1,981.7655027078903,7,75,3,158
155095,2,227.80300658145848,7,84,3,101
148685,2,1194.9957715123614,2,86,3,158
165055,2,264.52905763738914,3,84,3,101
181096,1,562.789978027344,4,79,1,159
29589,1,653.183540515295,3,86,3,101
328158,1,175.48302842225442,6,70,2,167
183195,2,204.62145736832935,2,86,3,101
161628,1,893.6675207129626,5,69,2,186
283921,1,285.6483903192996,4,86,1,101
158635,2,705.1376245313363,4,82,1,186
171453,1,944.7576311067302,1,86,1,101
311708,2,201.57565750900628,6,64,3,188
29918,2,982.3810845193293,2,86,3,101
213345,2,172.10057797702262,6,83,3,189
46692,2,349.5190729613333,1,87,1,101
165000,1,1089.0486864664872,6,71,1,191
235540,2,277.3516927572969,5,87,2,101
165395,2,1088.296256361212,6,78,3,192
165224,2,1315.8735316738596,7,87,3,101
74751,2,347.4375220964266,1,70,1,193
185307,2,931.3988570956183,4,87,1,101
184755,2,932.4256882570647,6,76,2,212
103201,2,283.69956194976,2,88,3,101
69180,2,57.214011095710035,7,67,3,213
154895,1,1214.8438116222844,7,88,3,101
213532,1,62.41433221586723,7,76,3,213
358350,2,735.2803860782666,5,66,4,146
16733,2,132.55084903891853,5,64,1,249
172825,2,258.49638916090663,5,74,3,231
358320,2,1046.292686856883,5,74,3,249
296397,1,752.8897416408588,4,71,1,259
101766,1,133.66402372051772,5,67,2,268
114551,1,987.3878046323028,4,69,1,270
147107,1,1194.4733463611726,5,67,1,269
68784,1,366.236423079456,5,83,4,270
51089,2,1157.694065817802,6,68,4,269
184400,2,574.1971630246089,5,71,3,271
241123,1,109.88639215487558,2,66,3,270
269737,1,423.8532556935286,6,74,4,288
29551,1,1172.625763654761,3,70,4,271
235993,1,487.8981473884543,3,70,4,294
148972,1,110.81001300183442,3,66,4,284
29300,1,749.8096020497342,3,71,4,295
119063,1,1145.7989461141847,3,86,4,285
28161,1,1127.9558726185267,3,68,4,304
208412,1,498.42186907999894,3,80,3,286
24978,1,1194.6717281805707,3,87,4,307
281334,1,982.3432207863552,2,82,3,289
310287,1,1075.0855097843146,5,76,3,309
95342,1,134.5402070148171,5,80,4,307
179973,2,257.7507366349159,5,86,4,315
165171,2,1133.2014284360052,3,69,4,315
86456,2,711.2476621407853,3,75,3,321
30782,2,879.3198256215993,3,74,3,321
148837,1,1251.4251783217574,2,87,3,321
148837,1,1251.4251783217574,2,70,3,340
29807,1,840.341742700739,3,83,3,328
69039,1,388.47290584530145,4,86,1,356
117305,1,408.2094701046885,4,75,4,334
336328,1,854.5310350267202,4,67,2,358
287358,1,562.789978027344,2,79,3,349
105067,1,1056.6687989789687,6,84,3,364
94251,1,611.8869479183214,3,71,3,353
274471,1,205.91705626812356,5,68,4,367
46033,1,724.5203346334837,4,86,3,356
336212,1,275.31330078194713,4,86,4,367
165410,1,1159.232445841041,6,86,4,364
165410,2,1159.232445841041,6,67,4,371
153883,2,806.7110118428387,2,87,3,368
170419,2,982.3741983690018,2,66,3,374
29739,2,382.31207072837435,7,71,1,378
185047,2,1046.9979039326295,5,69,1,383
292307,2,796.6957369306509,3,73,3,412
292307,2,796.6957369306509,3,89,3,399
188896,2,893.5646665056024,5,68,1,421
273169,2,201.07982274189936,6,69,1,412
173310,2,1158.204067778196,4,74,1,450
165095,2,256.28140733083774,6,83,4,415
267248,2,1193.0709205617657,7,69,1,453
37663,2,116.79267364867344,5,74,1,456
37663,1,116.79267364867344,5,70,1,453
170377,1,1134.930868192571,1,87,3,459
214096,1,203.9723809141268,6,86,2,462
36826,2,1195.3640193913418,6,84,4,461
287259,1,732.9050027159999,6,69,4,464
216630,1,420.71815033565025,7,72,4,462
157803,1,1094.169884443535,6,68,2,466
316891,1,652.5372262491716,6,79,4,467
368386,1,908.1273177196156,1,83,3,466
163381,2,1292.7590642877476,4,70,1,483
231283,2,376.3165178782403,4,70,2,467
273185,1,738.1775065419719,6,74,4,490
208575,1,363.8403209774324,6,76,4,468
271112,2,541.7284287980988,6,74,2,494
344074,2,609.7465817588928,6,69,4,471
36117,2,1223.6921456626283,6,86,1,501
211961,1,361.54560403193716,6,76,1,488
211961,1,361.54560403193716,6,86,1,504
55427,1,929.3650217389496,6,78,1,488
60985,2,242.8988443575606,7,64,3,508
370570,1,479.84338507202506,3,75,3,492
173578,2,959.6696056307757,3,83,3,509
282043,2,18.78767262367265,3,64,3,503
59711,1,367.53024382640456,1,86,3,509
213405,1,966.765517055201,7,25,2,519
216875,1,112.462879273632,2,20,3,529
20855,1,1265.0993732192674,3,25,3,529
95969,1,293.33923197636614,6,22,2,545
95969,1,293.33923197636614,6,8,2,530
126213,1,1279.9358814907932,1,22,4,549
362615,1,868.0318777730497,3,18,4,531
29826,1,57.34137037695951,7,18,2,562
26900,1,862.1244141125744,3,20,3,544
26900,2,862.1244141125744,3,17,3,577
168573,1,129.04435508690318,3,20,3,545
12654,2,980.7871178502583,3,17,3,578
12654,1,980.7871178502583,3,19,3,548
117174,1,47.35476928228263,6,25,2,579
251268,2,110.08970134405298,3,20,3,550
250188,2,823.2200329421971,6,21,3,587
373246,2,62.91676725524581,5,24,4,593
315453,1,292.14349610518434,3,17,1,593
358006,1,308.7348280851489,3,30,1,593
358006,1,308.7348280851489,3,21,1,594
113855,1,131.7930357858517,3,18,1,594
26830,1,445.5323432835499,2,21,4,598
203589,1,840.4512611272182,2,27,2,625
9675,1,1444.9993409275048,2,26,3,626
181001,2,879.3574598946655,2,28,3,627
372975,1,274.0262267802251,2,18,3,632
222369,1,869.3618409825982,2,21,3,629
290792,2,106.18715710027092,6,22,4,633
226369,1,806.5735948813767,2,21,3,652
300976,2,45.709804888724115,3,18,1,634
300976,2,45.709804888724115,3,30,1,655
222099,2,910.9873680081827,7,21,3,664
95378,2,200.10976158736716,3,26,4,664
125997,2,1256.223009687542,1,21,4,675
89090,2,242.58859321052827,2,18,3,668
291563,2,292.6393499596802,5,20,4,687
213816,2,258.72069598172806,2,20,3,669
173243,2,257.71064139758965,6,30,3,711
61507,2,87.91924722721096,7,30,4,676
311656,2,207.3824967805357,6,30,2,719
211611,2,911.9591253698661,7,17,3,690
231288,2,159.29617958265422,6,30,2,756
215613,2,83.48921058075568,7,29,3,749
206742,2,132.3219780950007,1,26,4,759
154433,2,626.0925332735743,6,19,3,766
154433,2,626.0925332735743,6,29,3,765
366845,2,610.9799252463457,7,34,2,521
230032,2,462.24300838423807,7,57,2,519
99413,2,349.6361738617892,4,53,4,541
240927,2,412.15401757392783,2,60,2,520
148676,2,731.3663374631316,2,53,2,543
41986,2,335.15505292114807,1,57,4,539
343591,1,995.3150420421248,1,58,4,561
111707,2,511.4314135277698,6,37,2,540
255060,2,626.6416453285676,6,50,2,573
31017,2,892.037912177333,5,37,4,543
63858,1,242.68931154899767,4,48,4,577
159322,2,835.7747090302067,7,39,3,551
45072,2,834.5533404196101,7,42,3,587
315044,2,265.2261287962473,7,40,3,563
51935,2,815.6555219731129,1,43,2,592
319082,2,877.93308677135,5,40,3,579
28294,2,411.78758168694316,2,58,4,594
36290,2,514.3407876263185,1,33,2,597
343103,1,996.3755561994724,1,58,4,595
36431,2,858.0744077514416,1,37,4,599
254793,2,649.2185919277214,5,62,3,597
311692,2,1129.2209190932365,4,40,2,624
241139,2,991.805875342079,4,59,2,626
65438,2,179.27360336098465,7,37,3,634
229806,2,1255.297125360314,7,44,3,629
202902,2,846.9002686671716,7,52,4,639
214609,2,207.9708483299487,7,44,2,649
230990,1,1224.8945552443445,1,33,2,709
158205,2,815.8589354306163,1,36,2,654
38104,2,116.49574855534378,4,35,4,711
310874,2,1043.8732858759297,5,40,4,685
69344,2,1119.4567483128703,3,36,3,713
291670,1,878.5446482010466,3,35,3,699
69440,1,1116.0507962169834,3,32,3,718
68871,1,1118.4750420709097,3,35,3,699
244671,1,615.7806557087272,5,33,3,726
369230,1,408.17113394020276,5,34,3,711
357940,2,389.36917127211063,5,38,4,754
363191,2,216.6941232695142,5,34,3,718
126644,2,131.4569971730524,4,32,4,758
173285,2,410.24991683091304,1,35,4,755
214779,2,497.02548248200833,7,34,4,758
29900,2,174.68780505936977,1,41,4,758
258681,2,744.9677313446878,6,37,4,766
361500,1,612.1342523369983,7,48,2,643
25439,1,815.3330694906072,7,55,2,649
314457,1,264.01553863996446,4,55,2,650
368147,1,60.954841349695755,6,55,4,651
48183,2,130.94265067420753,5,48,4,653
336045,1,909.9863958289108,1,63,2,651
314772,1,265.0103115020412,1,58,2,654
255614,1,1224.136091635967,1,59,4,666
310427,2,475.21422250592155,5,51,2,666
362169,1,609.2903492186115,7,62,4,668
362169,1,609.2903492186115,7,53,4,680
206454,1,349.2314561712839,6,62,4,670
283613,1,330.85634368711476,4,50,4,683
148822,2,879.6840451738437,3,60,3,671
99097,2,1142.0120846326638,3,50,4,698
188651,1,930.3742655528475,3,55,3,674
101493,2,1142.2589852644996,4,50,4,711
268531,2,264.7817881715342,4,50,4,683
126946,2,754.8383914924076,3,53,3,712
98712,1,804.4520915241777,7,55,4,685
205435,2,216.7202338804763,7,49,3,786
205435,2,216.7202338804763,7,57,3,778
229806,2,1255.297125360314,7,44,3,787
119296,2,322.03526491284873,6,49,2,783
206046,2,310.98495947128987,6,46,3,790
259883,2,744.1541125485963,6,48,2,787
259883,1,744.1541125485963,6,50,2,791
389891,1,670.7755843650598,6,49,2,797
310712,1,127.81368658129001,6,41,2,796
304465,1,60.71248494283841,6,44,2,799
223656,1,626.3896023519752,6,41,2,797
41575,1,649.5464330991858,6,37,2,806
373042,2,613.9028992638342,7,70,3,521
170825,2,1210.0165992744364,6,74,3,522
310798,1,486.0483813721949,2,68,3,529
360647,2,1159.0248483395612,1,90,1,534
168072,2,876.4884541739832,3,80,1,529
36144,2,1195.0074278944624,3,72,3,536
48866,2,964.0258958547114,5,73,1,536
335910,2,363.6513638776215,4,70,1,537
114177,1,514.1110007810846,4,80,1,539
314826,1,286.111313550749,5,69,1,539
52986,1,542.0227440289952,1,69,4,543
213934,1,116.44913093482953,6,87,3,544
358119,1,1195.0046762647899,1,74,1,546
55578,1,543.1090735953942,7,90,1,550
290431,1,412.50479353081477,4,90,1,551
158676,1,365.6017528942428,5,75,1,576
157996,2,1041.0475165306493,4,78,2,563
350791,2,216.5340847895168,5,90,1,578
165625,2,719.4277165591453,3,78,1,569
333788,2,292.7975888680169,5,77,1,586
163334,2,1294.6030155340402,4,67,1,574
292009,2,819.4526691916872,4,69,1,594
357928,2,1195.742604014155,1,78,1,574
50954,1,1158.1605700483296,6,66,4,625
154065,2,1158.2423192648919,6,87,4,579
29273,1,817.7699463209497,2,64,3,630
358228,1,1195.4408066611807,6,78,3,587
50715,2,747.86976984375,6,77,3,649
165851,1,842.0452920892417,3,86,1,587
374517,2,608.3013907240576,7,67,2,652
86405,1,1249.0377297228592,7,78,2,594
46692,2,349.5190729613333,1,78,3,665
95455,1,293.94081523338787,6,87,2,595
27873,1,858.865012561537,7,83,4,666
373042,1,613.9028992638342,7,69,4,598
208580,1,157.68692772636655,6,75,2,670
155111,1,1228.5270998141812,4,70,1,630
336682,1,1100.1346994249886,6,83,3,671
42223,1,529.1127121363173,6,71,1,650
164955,1,733.1423384408356,6,76,3,675
287491,1,893.4502242344598,6,83,3,653
383144,2,704.226459437857,6,68,3,680
296615,1,45.34180329996835,5,86,3,654
296615,1,45.34180329996835,5,82,3,686
278683,1,174.35220293406655,6,73,4,655
114177,2,514.1110007810846,4,64,4,706
93000,1,178.6055561263636,7,87,2,690
36644,1,728.719545524322,7,90,3,724
319218,2,1192.3906229430459,7,77,4,706
333353,1,1159.2485084021127,6,68,4,726
154250,2,807.6256941210429,2,86,1,719
370798,2,614.8752736060267,3,74,4,758
114908,2,1157.6792409886084,7,82,2,754
96144,2,44.332317624210496,7,78,4,785
42536,2,610.1093542248648,2,85,3,761
184755,2,904.7112099293919,1,70,1,790
185267,1,676.7408787016101,7,74,4,765
114908,1,1157.6792409886084,7,79,4,796
296046,1,734.7611421648944,6,70,4,767
296046,1,734.7611421648944,6,79,4,799
371676,1,471.5418037452176,3,75,4,767
165679,1,259.1897403403127,4,79,1,803
