TAETIGKEITSSCHLUESSEL4,EF41,EF10,EF40,B27,EF48,EF16U2,LEISTUNGSGRUPPE
1,71,2,37,aa,9.281975704910007,4,2
2,71,2,15,aa,9.482573519974498,4,2
1,41,2,35,aa,9.598356486851582,2,2
2,35,2,3,aa,11.953531575492928,1,1
1,50,2,37,aa,43.32926705494287,2,1
1,63,2,57,aa,43.68130282386556,2,1
1,52,2,59,aa,46.72550710235508,4,3
1,21,1,57,aa,48.39390477894069,7,1
2,76,1,13,aa,48.7205640483502,2,2
1,58,1,12,aa,55.54470998184428,7,2
1,56,1,55,aa,57.590875231035966,2,2
2,38,1,35,aa,60.76781196443166,7,2
1,23,1,28,aa,65.16453236991329,7,3
2,36,1,48,aa,67.9357686452631,7,4
2,15,1,0,aa,68.74706283428709,2,4
1,30,1,38,aa,88.01112142037353,2,4
1,69,1,10,aa,89.36979047151202,4,3
1,40,1,19,aa,89.84221970570479,2,4
2,38,1,10,aa,91.61202821252654,2,4
2,70,2,53,aa,91.92002958720411,5,4
2,69,2,10,aa,91.95549348564296,5,3
2,69,2,35,aa,92.58890996432316,6,5
1,33,2,27,aa,92.85168019936201,7,5
1,33,2,60,aa,93.5331127895608,5,3
2,53,2,41,aa,95.21477067294065,4,1
2,26,2,60,aa,95.98338294151506,4,5
2,63,2,37,aa,104.18820025351444,7,3
2,15,2,44,aa,105.7093118353654,7,4
2,36,2,29,aa,106.95197604401332,5,5
2,70,1,43,aa,107.62032631513779,6,5
2,52,2,57,aa,107.65076457652923,5,5
2,49,2,25,aa,109.08208799964187,5,1
1,60,1,18,aa,109.93483516554043,5,4
2,70,2,14,aa,110.3500209857973,6,3
2,22,2,13,aa,110.63771842411208,5,2
2,78,2,33,aa,110.68824421215932,3,2
1,42,2,48,aa,111.1340593813241,3,3
2,44,1,50,aa,111.73567811040651,3,5
2,42,2,41,aa,112.41014048573403,6,2
2,35,2,56,aa,112.96062065293724,5,1
2,35,1,33,aa,114.41083730020105,5,5
1,71,1,37,aa,115.44394631896304,5,4
2,38,1,28,aa,116.93758537098387,5,2
2,71,1,42,aa,118.10916360449677,5,3
1,71,1,34,aa,118.59477671519824,4,1
2,36,1,9,aa,119.02624979532315,6,1
1,18,1,54,aa,119.09117877857253,1,2
2,52,1,53,aa,119.20956094727772,3,4
2,53,2,37,aa,119.21750884616718,6,2
2,58,1,33,aa,119.40176098506369,6,3
1,71,1,53,aa,119.68564628431817,6,2
1,63,2,2,aa,119.85289318581428,7,5
1,26,1,57,aa,129.9177808123495,4,2
1,87,1,24,aa,131.62714050587016,7,4
1,63,1,18,aa,136.36879125960263,1,4
1,37,1,16,aa,139.63077832959658,7,2
1,72,1,15,aa,150.50611376518486,7,2
1,25,1,48,aa,154.24458954993565,4,3
1,63,1,24,aa,157.02853062866737,7,4
1,87,1,50,aa,158.202259649652,2,4
1,14,1,19,aa,159.58619798936851,2,3
1,87,2,44,aa,176.52985519951164,7,2
1,87,2,36,aa,177.17558678386493,2,5
2,87,2,12,aa,177.50805281525,1,5
2,16,2,61,aa,177.53178655308676,2,5
2,16,2,47,aa,177.58442748108638,2,5
2,87,2,15,aa,177.80970097224687,2,5
2,87,2,29,aa,183.42801034069927,2,4
2,87,2,42,aa,183.67509943308886,4,3
2,87,2,33,aa,184.52259279038498,3,4
2,87,2,3,aa,185.30074631243824,6,5
2,86,2,50,aa,186.03026656747275,6,4
2,50,2,44,aa,186.06072125475103,3,4
2,87,1,50,aa,187.02766901269803,6,4
1,75,1,59,aa,187.41842758476545,6,4
1,87,1,50,aa,187.503572734452,3,5
1,16,1,42,aa,187.60606466054278,1,2
1,87,1,54,aa,187.7969787219822,3,2
1,87,1,35,aa,189.35497796122752,6,4
1,87,1,7,aa,189.72156007798992,3,3
1,40,1,5,aa,189.777829646012,3,4
1,49,1,29,aa,191.21596383347594,7,2
1,86,2,58,aa,191.24982922623644,7,4
1,26,2,42,aa,195.07443287379942,3,2
1,62,1,49,aa,195.31029133714244,3,2
1,26,2,33,aa,196.23008183806945,7,1
1,19,2,42,aa,198.65084182561245,3,2
2,39,2,52,aa,200.1783922935972,7,1
2,40,2,42,aa,200.18512827388565,6,1
2,58,2,19,aa,200.85823727747032,6,3
2,37,2,60,aa,200.86762282156351,7,1
2,24,1,45,aa,202.60334953501058,6,1
2,19,2,36,aa,202.85245714782843,4,5
2,78,2,32,aa,206.7468875643272,1,1
2,78,2,27,aa,207.19458900944795,3,1
2,74,2,47,aa,207.71901159172452,4,1
2,39,2,47,aa,212.03147928065312,1,1
2,29,2,14,aa,213.56674728384274,1,1
2,32,2,6,aa,213.97526137613863,1,3
2,19,2,25,aa,216.12943655956968,4,5
2,57,2,48,aa,219.87346610666026,4,3
1,20,1,63,aa,263.22171930144117,5,3
1,36,1,0,aa,267.0180667538719,5,3
1,43,1,0,aa,269.1203256244894,5,5
1,25,1,14,aa,269.70568430541186,5,3
1,64,1,23,aa,274.387499982589,5,5
1,64,1,30,aa,277.3777315180583,4,2
1,14,1,56,aa,280.2929578807515,5,4
1,67,1,17,aa,280.46908315037393,5,4
1,67,1,34,aa,282.5194192803584,2,4
1,64,1,56,aa,306.07344970969984,5,4
1,81,1,1,aa,306.39549497483137,4,4
1,64,2,19,aa,306.74142220977177,5,4
1,64,2,57,aa,307.29599713633354,2,3
1,83,2,57,aa,307.8223476762626,2,2
2,62,2,35,aa,308.27574515095705,4,4
2,62,2,24,aa,308.41447709979354,2,4
2,40,2,56,aa,309.0264425457865,2,3
2,40,2,61,aa,309.2879562196417,4,3
2,64,2,59,aa,309.47330967163043,7,4
2,64,2,14,aa,309.70261388082685,4,4
2,60,2,62,aa,309.81441673700334,6,4
2,80,2,24,aa,310.05283515170083,4,4
2,60,2,32,aa,311.01799444806375,4,4
2,64,2,16,aa,311.4566934321713,4,2
2,63,2,56,aa,329.60221250738385,3,5
2,62,1,47,aa,329.94481575169846,3,4
2,62,2,56,aa,330.29661523093097,1,3
2,89,2,26,aa,330.79937500658053,1,1
2,63,2,31,aa,331.0681200313862,2,4
2,80,2,23,aa,331.36332153314873,2,5
1,26,1,5,aa,331.8071929659413,7,3
2,47,2,20,aa,332.42955479367106,1,3
2,20,2,57,aa,332.7202722915389,3,1
2,18,2,56,aa,333.22511398929674,5,3
2,87,2,13,aa,333.2769566399481,7,3
1,47,1,11,aa,335.08070014966876,2,4
1,63,2,32,aa,335.46416342566636,1,5
1,20,2,57,aa,344.4993136552493,3,4
1,89,2,10,aa,345.1143138789011,5,2
2,37,1,10,aa,345.2550739356322,7,1
2,42,1,10,aa,345.5727628863352,7,5
1,29,1,3,aa,345.8637465527716,3,1
2,15,1,19,aa,346.02662725910454,5,1
1,20,2,10,aa,347.91204807916114,1,5
1,20,2,10,aa,351.7185851064196,5,1
1,67,1,20,aa,376.99297334319436,3,2
2,90,1,23,aa,378.666145358196,3,1
2,66,1,22,aa,379.0142073793423,1,5
2,40,1,45,aa,379.9008054410583,6,5
1,67,2,44,aa,380.8453237355622,6,1
1,63,2,31,aa,381.6502540691796,2,1
1,89,2,17,aa,400.23393655086943,3,2
2,75,2,19,aa,400.32567089464914,3,2
1,39,2,19,aa,401.2534914981624,6,2
2,83,2,24,aa,401.6480458246946,1,2
1,20,2,24,aa,401.8028411140353,1,2
2,80,1,4,aa,403.5437561050152,1,2
1,37,2,3,aa,404.23160341502864,5,3
2,39,2,30,aa,405.82355743800616,7,3
1,22,2,59,aa,407.60132909602044,2,2
2,83,2,57,aa,408.57250037746286,7,2
2,30,2,24,aa,410.0641853115003,3,2
2,36,1,29,aa,410.7739430640468,7,2
2,75,2,29,aa,414.18487573630387,1,2
1,20,2,6,aa,415.47589655169696,2,2
2,75,1,24,aa,415.5826696002641,7,2
2,43,1,24,aa,433.1399376212872,3,3
1,80,1,57,aa,436.0114266407695,3,3
1,84,1,14,aa,438.63394935518795,3,2
1,81,1,14,aa,441.7604917017863,3,1
2,87,1,14,aa,441.7947680429631,2,1
2,87,1,2,aa,442.68551563453923,2,5
2,40,1,2,aa,446.263856033871,6,3
2,80,1,2,aa,448.0541794791792,2,1
2,49,1,20,aa,449.2041693959926,2,2
2,50,1,63,aa,449.2823167467438,2,2
2,45,1,23,aa,451.3776459359713,6,5
2,49,1,47,aa,453.0966170475452,2,5
2,35,1,47,aa,453.840893328954,2,4
2,34,1,3,aa,455.2048932299057,4,4
1,50,1,12,aa,456.24617129439554,7,4
1,50,1,3,aa,458.84413356970265,5,4
1,50,2,24,aa,459.2830118394838,4,4
1,50,2,25,aa,461.0775570496363,3,4
1,81,2,31,aa,463.1000356655884,3,2
1,20,2,31,aa,464.72187617395764,4,4
1,21,1,3,aa,466.20628053338305,3,1
1,20,2,3,aa,467.5932865360864,7,3
1,40,2,19,aa,467.782723723807,7,4
1,25,2,33,aa,468.0234335028302,5,4
1,19,1,61,aa,468.70455905533913,6,4
1,73,1,61,aa,468.7475518087003,4,1
1,20,1,2,aa,468.74767019022346,5,1
1,35,1,31,aa,499.01675719414885,5,4
2,49,1,31,aa,499.69462483000757,5,5
2,49,2,57,aa,500.41272972916477,3,4
2,21,2,2,aa,501.2243332777685,3,1
2,14,2,27,aa,502.9697294122435,3,1
1,80,2,27,aa,506.2373829264576,3,2
2,49,2,27,aa,506.4847263269544,6,1
1,21,2,27,aa,507.14939122134973,7,2
2,72,2,23,aa,508.2243546610669,3,4
2,41,2,27,aa,509.3916586422773,3,1
2,44,2,27,aa,509.48102442399886,5,3
2,72,2,33,aa,510.53311179609733,6,3
2,73,2,14,aa,511.0339544722823,5,5
1,30,2,14,aa,511.29111404247067,3,5
1,17,2,17,aa,511.9978496038165,3,1
1,53,2,30,aa,513.3137576149554,6,5
1,68,2,3,aa,513.3575109561127,3,1
1,59,2,20,aa,513.9408057576629,6,2
1,31,2,40,aa,514.7781629023549,5,5
2,69,2,26,aa,515.3695111074869,6,5
2,53,1,0,aa,515.7958844409151,3,4
1,81,2,2,aa,520.0347652348665,5,5
1,56,2,27,aa,520.2605294570099,5,5
2,69,2,25,aa,520.2727038480595,2,3
2,59,2,28,aa,523.1379395001137,1,1
1,31,2,37,aa,523.2173943477055,4,5
2,27,1,34,aa,524.3643110121972,7,1
2,68,1,50,aa,524.738440666759,1,1
1,56,1,36,aa,524.9716971211087,7,1
1,72,1,63,aa,526.4931403048702,6,4
2,56,1,44,aa,529.8222342633438,6,1
2,81,1,60,aa,530.052808203139,7,4
1,56,2,25,aa,530.0694667621212,6,2
1,14,2,40,aa,532.0879098548672,7,1
2,15,1,1,aa,532.924214137923,1,3
2,24,1,16,aa,534.7145806038235,6,1
2,47,2,17,aa,544.3252868068967,7,4
2,15,2,0,aa,544.9650825207116,7,4
1,75,2,21,aa,545.2115920349156,5,4
2,47,2,16,aa,545.6788523819423,7,4
1,42,2,40,aa,554.9117008793964,2,2
1,16,2,42,aa,554.9592183485738,5,2
1,54,2,32,aa,560.3528929007853,7,4
1,83,2,41,aa,562.2653961321508,1,4
1,78,2,38,aa,566.2665143480228,5,4
1,26,2,36,aa,567.631494150626,4,4
1,44,2,32,aa,571.7492902326724,1,4
1,18,2,33,aa,571.799238726689,1,2
1,36,2,54,aa,573.7203964723143,4,2
2,53,2,46,aa,593.8012278842291,2,5
2,80,2,43,aa,594.3176231150761,7,3
2,52,2,56,aa,594.3356624658816,3,3
2,52,2,2,aa,597.4388104333802,7,3
2,28,2,4,aa,597.4402694257465,7,3
2,90,2,48,aa,599.4130912723512,3,2
2,42,2,48,aa,604.2619985986784,2,1
2,83,2,60,aa,607.3944190242203,3,1
2,72,2,7,aa,607.8275923448666,2,3
2,54,2,31,aa,616.5453453619851,1,5
1,39,2,54,aa,616.8619445470234,1,3
1,45,1,16,aa,617.3773255682188,7,2
2,24,2,20,aa,617.4216571368099,7,2
2,22,1,48,aa,618.7758868827684,2,3
1,55,2,20,aa,620.4587089283388,3,1
1,36,2,54,aa,620.8017352185875,1,2
2,78,1,37,aa,621.3907827836337,5,3
2,45,1,54,aa,621.9991155838848,5,1
1,40,1,18,aa,622.0205269307771,5,2
1,47,1,44,aa,622.9384970886732,5,2
1,28,1,9,aa,623.8128026970306,5,1
1,51,1,9,aa,629.7365270648273,2,1
1,32,1,52,aa,630.9798442755373,2,5
1,70,1,54,aa,633.0940474150044,5,5
1,70,1,5,aa,635.6609644390984,2,1
2,40,1,34,aa,636.1384478759965,5,1
1,24,1,5,aa,637.1532748145655,2,5
1,40,2,0,aa,639.6229705140983,3,5
1,60,1,49,aa,640.8281067623889,1,4
1,22,2,42,aa,641.2894627560142,2,3
1,14,2,52,aa,641.9796798545842,5,4
1,66,1,36,aa,642.197842796642,5,4
1,64,1,57,aa,642.2627443979752,3,2
1,65,1,36,aa,642.8021436771523,3,1
1,60,1,24,aa,643.1425334593677,5,1
1,44,2,5,aa,644.0665523820337,3,5
2,35,1,5,aa,645.2038413673637,2,3
2,89,1,25,aa,645.5348022997227,2,3
2,64,1,52,aa,647.0700667676622,1,5
2,62,1,52,aa,647.6532872624814,1,3
2,45,1,32,aa,648.1204040278204,6,3
2,64,2,31,aa,648.5806631058585,3,3
1,62,1,31,aa,652.3332887449733,2,5
2,86,2,55,aa,652.8447638925982,5,2
1,66,1,55,aa,652.8805488469163,6,1
2,18,1,22,aa,653.1621925225085,6,5
2,64,1,54,aa,653.6668954878754,1,5
2,65,1,20,aa,654.4215120190515,4,1
2,83,2,31,aa,681.3462139591315,4,4
2,62,2,47,aa,684.0507944039227,4,5
2,88,1,63,aa,684.1464202677402,5,5
1,35,1,1,aa,684.3357650986756,4,4
2,90,1,0,aa,685.3308489363314,3,5
1,88,1,61,aa,685.4163149116376,5,5
2,15,2,51,aa,685.7310375939417,6,4
1,32,2,58,aa,685.7949840289698,4,4
1,49,1,58,aa,686.3548363661275,5,5
1,62,2,28,aa,686.5277049150025,5,4
1,34,1,4,aa,686.5898018824207,3,3
1,32,2,0,aa,689.4239760408454,3,5
1,67,2,46,aa,694.0769837373526,3,5
1,21,2,4,aa,697.994665761626,3,4
1,67,2,41,aa,698.6967246882166,1,1
1,52,1,0,aa,704.5730191783026,5,2
1,15,1,46,aa,705.1232764930337,6,3
1,87,1,46,aa,705.5064555023924,1,3
1,80,1,33,aa,709.8251543381831,4,2
1,66,1,47,aa,710.3622372970187,4,1
1,55,1,47,aa,712.3643383612604,1,1
2,90,2,5,aa,713.0743769294118,2,3
2,36,2,60,aa,713.5836402679611,1,3
2,29,1,46,aa,714.9258868434596,1,4
1,64,1,10,aa,716.8219507734083,6,1
2,40,2,52,aa,717.0082006985457,5,4
2,87,2,52,aa,717.8083911929007,2,4
2,66,2,1,aa,718.0921846519283,4,2
2,64,2,37,aa,718.445823697962,3,4
1,32,2,37,aa,719.0790107727532,1,4
2,53,2,54,aa,719.1844126605985,6,1
2,49,2,51,aa,719.9590981450534,4,4
2,14,1,6,aa,727.580017089844,4,4
2,24,2,44,aa,727.580017089844,2,3
1,25,1,50,aa,727.580017089844,4,3
2,33,1,31,aa,727.580017089844,5,2
2,47,1,40,aa,727.580017089844,6,4
2,60,1,57,aa,727.580017089844,4,3
2,60,1,57,aa,727.580017089844,4,4
2,46,1,59,aa,727.580017089844,2,3
2,86,2,4,aa,730.5321504578098,2,2
1,32,2,40,aa,731.3371477111759,2,3
1,78,1,52,aa,731.3510931278022,5,3
1,18,2,52,aa,733.3297779902955,2,3
1,61,1,53,aa,755.285494403748,2,1
1,61,2,29,aa,756.0712623193575,4,3
1,61,1,46,aa,756.9506749608913,2,2
1,16,1,37,aa,767.9457182752707,2,1
1,58,2,12,aa,768.1114647467525,6,1
1,70,2,12,aa,771.3988935023729,6,2
1,46,2,36,aa,774.4246120950139,4,3
1,85,2,61,aa,775.3179096353921,3,2
2,62,2,49,aa,775.5731720578053,7,5
2,87,2,33,aa,775.7449626108029,6,2
2,55,2,29,aa,776.6799085016403,5,2
2,59,2,20,aa,776.9372171831606,5,5
2,58,2,15,aa,778.0524631238743,3,2
2,44,2,4,aa,780.0981256502736,5,2
2,73,2,33,aa,780.3220665050867,5,2
2,14,1,36,aa,780.9584915584879,4,5
2,14,1,19,aa,782.7706282302017,4,5
2,41,1,63,aa,783.2330617387155,5,2
2,87,1,63,aa,783.3449906326192,3,2
2,63,1,15,aa,783.6166905446241,7,3
1,14,1,49,aa,807.7826874528056,4,3
1,78,1,20,aa,807.9417972642409,5,1
1,89,1,39,aa,809.2827660906391,2,1
1,50,1,39,aa,815.1078623088921,5,4
1,47,1,8,aa,816.820623741046,7,1
1,38,1,36,aa,818.245519544441,7,4
1,21,1,32,aa,820.9391581101189,7,5
1,79,1,43,aa,823.3697822658874,2,4
1,66,1,20,aa,824.6223450045969,5,3
1,46,2,37,aa,826.7940372803715,4,4
2,70,2,8,aa,834.2631589248219,1,3
1,53,1,34,aa,837.5828403528675,3,5
2,33,2,37,aa,840.3679358136719,1,4
2,44,2,21,aa,840.7421167586218,1,4
1,44,1,32,aa,843.3058469034675,1,4
2,67,1,50,aa,845.759453631107,5,3
2,32,2,42,aa,850.9917328301271,4,1
1,88,1,50,aa,852.8943680353672,1,4
1,53,1,41,aa,856.0771166567102,1,4
1,87,2,13,aa,866.5408495707054,7,1
1,41,1,42,aa,867.4380684997517,1,3
1,87,2,40,aa,868.7058066756052,4,4
1,36,1,38,aa,869.5442648060119,5,1
1,47,2,38,aa,871.0318300775575,6,5
1,20,1,28,aa,880.0758518831728,6,5
1,39,2,62,aa,881.6393089573969,5,3
1,51,2,49,aa,889.184055189555,3,1
1,21,2,15,aa,897.6239000464793,1,5
1,39,2,15,aa,898.7966624677942,2,5
1,32,2,32,aa,899.3107550199273,5,4
1,26,2,63,aa,904.2890121642134,4,4
1,39,2,48,aa,904.6044331805505,4,4
1,74,2,48,aa,905.1072153397914,2,4
2,26,2,14,aa,906.3780749315696,5,4
2,61,2,63,aa,906.6303573012705,3,4
2,25,2,36,aa,907.8670043575945,3,4
2,39,2,60,aa,908.7078628516522,2,4
2,25,2,41,aa,909.1868373038614,1,4
2,89,2,32,aa,909.7017813450362,6,1
2,53,2,60,aa,910.498758358714,4,4
2,51,2,22,aa,910.917665611125,3,4
2,26,2,60,aa,920.0462944511911,5,3
2,74,2,51,aa,920.5560857847289,3,3
2,82,1,49,aa,920.7602762147108,1,3
2,70,1,23,aa,921.775766004869,4,1
2,60,1,28,aa,922.5960804050401,5,4
2,89,1,42,aa,923.1018422798006,5,1
1,70,1,56,aa,924.1648951868791,1,1
1,75,1,13,aa,924.4699076986723,6,5
1,74,1,39,aa,924.9116901493117,1,2
1,68,1,23,aa,924.9727219382285,1,2
1,48,1,43,aa,925.4318116164786,5,4
1,76,1,30,aa,925.9810111794063,1,4
1,32,1,28,aa,926.1198272495355,4,5
1,26,1,56,aa,927.7624770028247,1,4
1,47,1,13,aa,927.9048227107199,1,4
1,27,1,30,aa,929.0312565396888,2,3
1,49,1,15,aa,932.5333670997037,1,3
1,37,1,17,aa,933.6938682444694,1,5
1,27,2,18,aa,936.5202036485493,2,5
1,70,2,20,aa,939.0983879293059,1,3
1,63,1,42,aa,942.722977385793,3,5
1,70,2,56,aa,943.0647470308718,2,3
1,14,2,15,aa,943.4183590861218,7,3
1,62,2,36,aa,945.21076226074,7,3
1,32,1,57,aa,948.3266258123973,4,3
2,80,2,57,aa,949.9445429338372,7,5
2,19,2,57,aa,950.4143731705054,6,3
2,80,2,19,aa,952.895125976301,5,3
2,78,2,60,aa,953.6975570798833,1,5
2,81,1,60,aa,954.0923541013094,6,5
2,14,2,60,aa,955.7529277042971,7,3
2,81,2,9,aa,958.0324227811403,2,1
2,20,2,9,aa,958.1513788362581,4,3
2,65,2,48,aa,959.3309263823865,6,1
2,40,1,19,aa,959.6065552089525,6,1
2,59,1,43,aa,961.1133084506508,2,2
2,64,2,18,aa,964.0134971007939,1,1
2,71,2,8,aa,968.1956127630291,7,2
2,60,1,48,aa,975.9570648576329,7,3
2,70,2,49,aa,977.1923697884039,4,3
2,63,1,56,aa,977.4186732282122,4,3
2,62,2,60,aa,980.9083284221398,3,3
2,75,2,56,aa,983.1757637841608,3,2
2,63,1,48,aa,991.9326892475236,3,3
1,78,1,42,aa,995.919316816811,4,3
1,47,1,8,aa,999.6594855822259,1,5
1,63,1,43,aa,1003.9035993573818,6,3
2,90,1,48,aa,1006.7051172937632,5,2
2,77,1,39,aa,1007.6374914785673,7,2
2,54,2,31,aa,1009.5760343897208,5,5
1,41,2,39,aa,1014.0673950120997,6,3
1,33,2,19,aa,1015.1145918809588,5,5
1,90,1,28,aa,1018.083604330229,2,5
2,81,2,48,aa,1018.556643321442,5,5
1,41,2,48,aa,1018.8490422029489,2,5
1,81,1,48,aa,1018.8915007992417,2,5
1,79,2,6,aa,1019.6545843863895,2,5
1,68,2,33,aa,1019.6733883199673,2,5
1,60,2,40,aa,1020.4366744334633,2,2
1,76,2,5,aa,1021.2243514213665,6,2
1,88,1,31,aa,1025.5822842142422,6,3
1,77,1,9,aa,1026.0350275857982,6,1
1,34,1,2,aa,1029.5373119558087,5,3
1,59,1,48,aa,1029.5667147264307,6,3
1,29,1,48,aa,1032.7370038878257,7,3
1,89,1,23,aa,1033.1454582290594,7,3
1,44,1,53,aa,1033.8666848396142,7,1
1,71,1,9,aa,1040.260851188134,4,3
1,59,1,33,aa,1041.1719822613122,1,3
2,57,2,34,aa,1041.5288690453622,5,3
2,17,1,9,aa,1041.6020170355223,7,5
2,81,2,27,aa,1041.724600647514,1,2
2,59,2,33,aa,1042.0687943194014,7,3
1,32,2,55,aa,1042.9347016680476,7,1
1,81,1,45,aa,1043.006836454651,1,4
1,83,1,16,aa,1043.7910952351024,7,5
1,74,2,50,aa,1044.6021761629922,5,5
1,65,2,0,aa,1046.5428791713161,7,3
1,32,2,5,aa,1046.749737580957,1,4
2,64,2,45,aa,1047.9357568151527,5,5
2,29,1,54,aa,1049.1534152751867,1,3
2,44,2,44,aa,1052.840850350305,5,4
2,59,1,52,aa,1052.9013134717898,1,2
2,83,2,28,aa,1054.243622161768,3,4
1,24,2,15,aa,1056.1483890050283,7,4
2,34,2,10,aa,1056.2030764351796,3,3
2,32,2,15,aa,1056.8343563633443,3,4
1,17,2,10,aa,1057.120785353778,7,1
2,32,2,30,aa,1057.6223009287903,1,1
2,80,2,20,aa,1058.2345727694437,7,4
2,90,2,34,aa,1059.0827202759983,2,1
2,34,2,6,aa,1059.2254656665827,3,5
2,17,1,35,aa,1059.2768930045966,4,4
2,27,1,35,aa,1059.4874833695803,7,4
2,78,1,47,aa,1060.024242868293,3,1
1,53,1,44,aa,1060.1581397329783,1,4
2,90,1,27,aa,1060.3200045894594,5,2
2,21,2,9,aa,1060.918955638317,7,5
1,51,1,48,aa,1061.3374043189558,3,5
2,64,1,54,aa,1061.9414498631124,2,4
1,66,1,48,aa,1062.1231569294453,7,1
1,83,1,16,aa,1062.7213108161682,1,1
1,29,2,27,aa,1062.9556952125572,6,2
2,77,1,16,aa,1063.2211602920092,5,2
2,83,1,47,aa,1063.2912394149073,5,2
1,25,1,13,aa,1096.659061864725,5,1
1,59,1,29,aa,1096.9507942185282,4,2
1,49,1,13,aa,1097.739012016321,5,2
1,65,2,20,aa,1098.6616900884544,2,5
1,57,2,29,aa,1098.6820809867409,2,3
1,57,2,31,aa,1099.314926723938,4,2
1,48,1,17,aa,1099.8670728322365,3,1
1,24,2,54,aa,1099.9880475600028,5,5
1,59,1,29,aa,1100.384105284522,2,1
2,59,2,16,aa,1102.374633588051,6,3
2,59,1,17,aa,1102.918405155381,6,3
2,82,1,3,aa,1102.9951693478556,6,2
2,68,1,21,aa,1103.534993862864,3,1
2,59,2,29,aa,1144.4147969996784,5,3
1,59,2,7,aa,1144.999251319081,5,3
2,41,2,29,aa,1145.2168546141877,5,4
1,83,2,17,aa,1147.5864034796186,5,1
2,35,2,48,aa,1148.5289551483647,6,4
2,83,2,16,aa,1149.7647640090768,3,4
2,35,2,17,aa,1150.1449484374218,6,4
2,21,1,15,aa,1150.3225063428365,1,1
2,35,1,17,aa,1151.881380184362,6,3
1,59,2,17,aa,1151.9817623773586,6,3
2,48,2,12,aa,1163.9013083842651,3,1
2,26,2,30,aa,1164.2746351851258,6,2
2,18,1,9,aa,1168.4367673778045,3,3
2,89,1,21,aa,1170.6554096797106,1,2
2,75,2,58,aa,1173.0560768704468,2,2
2,88,1,3,aa,1176.4878274148584,5,2
2,30,1,25,aa,1177.8818622184838,2,2
2,23,1,3,aa,1178.1218320056012,1,2
2,54,2,47,aa,1178.9998067673937,1,2
1,69,1,11,aa,1179.7023710614174,1,2
1,71,1,49,aa,1187.4521476343396,5,5
1,17,1,22,aa,1195.5901491645122,1,2
1,45,2,0,aa,1198.2957695202217,4,5
2,45,2,59,aa,1200.5987166969473,1,5
1,82,1,50,aa,1209.5934278552857,3,4
1,41,2,44,aa,1209.6254199477862,1,1
2,19,2,45,aa,1213.5316150288452,1,5
2,51,1,44,aa,1215.4689647825217,1,1
2,83,2,59,aa,1218.3737330781105,1,5
2,50,2,59,aa,1225.071919502191,6,1
2,67,2,14,aa,1225.398887329667,3,1
2,75,2,14,aa,1226.431712169347,6,4
2,21,2,26,aa,1228.2489212777932,6,4
1,24,2,0,aa,1229.3001814024249,3,4
1,18,2,55,aa,1232.0531483466245,4,3
1,21,2,58,aa,1233.875743935945,4,4
1,51,1,58,aa,1235.8665525186486,5,3
1,21,1,58,aa,1240.0587694650321,6,5
1,82,2,58,aa,1245.1612469262025,6,3
1,21,2,58,aa,1247.43267102955,2,3
2,50,1,46,aa,1249.4827688373286,6,5
2,50,1,28,aa,1252.437494001746,6,4
1,16,1,0,aa,1254.5602210266384,3,3
1,73,1,22,aa,1264.9097238686786,2,4
2,53,1,31,aa,1266.4748047699811,4,3
2,70,1,57,aa,1276.8851961390894,4,4
1,41,2,5,aa,1282.809768100004,4,4
1,84,2,34,aa,1286.086350230443,2,4
1,17,2,25,aa,1286.5304024349352,3,3
1,49,2,20,aa,1286.8549126886187,3,3
1,84,2,20,aa,1287.872378602671,4,5
1,84,2,20,aa,1289.8378407847786,4,3
1,41,2,40,aa,1298.5091199109822,3,5
1,47,2,23,aa,1299.0521652156172,4,4
1,41,2,40,aa,1300.104646822843,5,4
1,53,2,40,aa,1300.1765867289766,5,3
1,41,1,63,aa,1300.7250380116827,5,4
2,19,1,32,aa,1300.9574119451256,5,3
2,47,1,40,aa,1301.9434522077486,5,5
2,16,1,40,aa,1302.2579684999882,5,5
2,47,1,25,aa,1302.3659531871622,3,5
2,41,1,25,aa,1303.5134498860568,4,3
2,35,1,58,aa,1303.9846349825677,5,3
2,74,1,5,aa,1315.3357391810891,5,1
2,39,1,19,aa,1317.382387362215,5,3
2,48,1,19,aa,1318.6066174160578,2,1
2,23,1,34,aa,1319.8704387328905,5,5
2,87,1,34,aa,1320.924156540847,3,5
2,20,2,34,aa,1327.3979173653256,4,2
2,41,2,34,aa,1335.7002124026612,5,1
2,52,2,22,aa,1336.2474642799557,5,1
2,57,2,25,aa,1342.3898090066746,3,1
2,59,1,25,aa,1344.061041375575,1,4
2,45,1,5,aa,1346.0303146602264,1,4
2,16,1,5,aa,1347.197302031607,1,4
2,19,1,3,aa,1349.2658761569508,1,4
1,45,1,59,aa,1350.3199609163446,1,4
1,16,1,59,aa,1360.5658988765067,1,4
2,41,1,59,aa,1361.914752088793,1,5
2,56,1,23,aa,1363.4039639476568,1,4
2,38,1,32,aa,1367.2600887186352,1,1
2,47,2,40,aa,1377.410879381113,3,1
2,41,2,58,aa,1379.4381191397517,6,2
1,41,2,58,aa,1380.3774582325257,3,1
2,35,2,3,aa,1382.7827095546397,6,1
1,59,2,3,aa,1383.4562249810476,3,1
1,44,2,4,aa,1383.4675358398315,6,1
2,18,2,4,aa,1384.6378136906294,4,2
1,40,2,4,aa,1385.065895367697,4,1
2,42,2,4,aa,1386.3728384721876,4,1
2,78,2,41,aa,1386.4659282731664,2,1
1,78,2,7,aa,1386.5975989027886,6,1
1,19,2,61,aa,1386.738843916597,4,1
2,45,1,21,aa,1392.0590178366137,3,1
1,46,1,21,aa,1392.627387034661,6,5
2,21,1,5,aa,1395.9753382808008,6,5
1,45,1,63,aa,1397.1341560256576,6,5
1,63,1,19,aa,1398.3838989446763,6,5
1,74,1,34,aa,1398.853508585044,6,5
1,83,2,6,aa,1410.333520903695,3,4
1,57,2,32,aa,1412.2804946563042,7,3
2,78,2,32,aa,1413.4446688931355,3,4
1,37,2,22,aa,1415.1244694242007,3,4
1,48,2,35,aa,1421.9261532414428,3,4
2,24,2,35,aa,1422.542262591114,7,4
2,77,2,5,aa,1426.875105805425,7,4
2,59,2,28,aa,1427.4805255271854,7,3
2,49,1,26,aa,1428.5069628074214,7,4
2,49,1,6,aa,1428.606543583421,2,5
1,64,1,26,aa,1429.4603174582646,2,3
2,73,1,17,aa,1441.8856201281021,7,5
2,67,1,17,aa,1446.2139555645756,5,4
1,81,1,29,aa,1450.932912739148,7,4
1,17,1,19,aa,1451.9014563258422,3,4
1,48,1,6,aa,1453.862457029425,5,5
1,67,1,23,aa,1454.590139804064,5,5
1,78,1,1,aa,1454.9678537504744,3,5
2,66,1,28,aa,1489.594096053127,6,2
1,38,2,4,aa,1490.2411112592247,7,1
2,87,2,28,aa,1491.4235323401933,6,2
2,66,1,28,aa,1492.2948777916881,5,2
1,62,2,28,aa,1492.9439070370274,5,3
2,62,1,19,aa,1493.6805375172537,2,2
1,56,2,55,aa,1494.9439172328505,5,2
2,20,2,19,aa,1494.9607545241736,3,2
1,61,2,55,aa,1495.8292421350964,7,2
1,77,2,24,aa,1497.2139159734363,3,2
1,78,2,55,aa,1497.2610979490692,5,2
1,25,1,29,aa,1505.229634777924,2,1
2,25,2,62,aa,1505.4409280590673,6,4
2,64,1,57,aa,1508.4184808560258,1,3
2,64,2,34,aa,1508.7417472695947,3,4
2,64,1,40,aa,1509.0473125427886,6,1
2,25,1,57,aa,1509.211439239787,5,3
1,26,2,28,aa,1510.255864970715,1,4
1,79,2,59,aa,1510.8891305972961,6,1
2,27,1,5,aa,1512.4451248336272,6,4
1,57,1,54,aa,1513.83018326207,1,3
2,64,1,27,aa,1514.7920218670456,6,3
1,25,1,55,aa,1518.639169327355,1,4
1,27,1,55,aa,1519.1732295065308,1,1
2,52,1,62,aa,1519.685183598359,1,4
2,64,1,54,aa,1528.1426131864055,1,4
2,25,1,54,aa,1528.3799248836165,1,1
2,64,1,3,aa,1529.9910900232255,6,3
2,35,1,0,aa,1530.694038507229,1,3
1,62,1,17,aa,1530.7165546751273,1,4
1,25,1,63,aa,1530.7737564386196,6,4
2,75,1,54,aa,1533.0386000741846,7,4
2,15,2,3,aa,1536.6534779357576,3,2
2,44,1,60,aa,1537.056897214219,6,2
2,15,2,36,aa,1542.8854422948561,6,4
2,17,1,32,aa,1543.9098372455865,2,5
1,70,1,63,aa,1545.0203013956364,6,4
1,17,1,44,aa,1545.9420336512214,6,4
1,77,1,28,aa,1547.5962771134266,2,2
1,14,1,4,aa,1561.4276250621017,3,5
2,87,1,34,aa,1564.115996903442,4,2
1,15,2,55,aa,1566.3313522876458,6,2
2,35,1,27,aa,1566.5684382002953,6,2
1,46,2,33,aa,1566.6656847945155,2,2
1,25,2,63,aa,1566.9366428497387,6,2
2,36,1,44,aa,1567.4097536908123,4,2
1,46,1,22,aa,1571.752058249693,2,4
2,49,2,45,aa,1573.224731055686,4,2
2,34,2,52,aa,1573.4159015248028,2,4
1,65,2,15,aa,1577.0319426654821,6,4
1,62,2,34,aa,1577.2868197445714,6,3
1,86,2,14,aa,1577.8856052805845,3,2
2,35,2,14,aa,1579.6054488302757,6,5
2,70,2,44,aa,1580.881644298315,3,4
2,65,2,36,aa,1582.0330736609935,3,2
2,49,2,51,aa,1582.9509453282021,3,3
1,45,1,31,aa,1617.1894570599675,3,4
2,18,2,23,aa,1617.6517405705733,3,3
2,44,1,23,aa,1618.284964010947,6,4
1,81,1,53,aa,1619.085499154383,6,4
1,82,2,53,aa,1619.4550499374766,3,3
1,79,2,46,aa,1619.5315867929578,4,2
1,30,2,12,aa,1620.2022450703855,4,2
1,59,2,46,aa,1620.363377936811,6,2
1,69,1,46,aa,1621.1942563525406,6,4
1,45,1,14,aa,1621.459423735279,1,4
2,47,1,62,aa,1622.2683336022876,4,5
1,18,2,44,aa,1623.7314995416234,1,3
1,76,1,44,aa,1648.3050169408898,1,2
1,17,2,33,aa,1648.3939119639704,1,5
1,17,2,33,aa,1648.6728112813414,1,5
1,86,1,21,aa,1650.4538226564023,7,5
2,56,1,33,aa,1650.6583925802195,1,3
1,76,2,33,aa,1651.3129020788908,1,3
2,77,1,22,aa,1651.9344683141026,7,2
2,50,1,22,aa,1652.9773606231827,1,4
2,56,1,20,aa,1653.8256546823948,1,3
2,37,1,22,aa,1653.9864969069731,1,1
1,78,2,53,aa,1655.104610735298,1,1
1,76,1,33,aa,1655.7904702569272,1,3
2,86,1,44,aa,1655.8709573566455,6,3
1,39,1,42,aa,1680.0960079690417,6,3
2,87,2,42,aa,1680.503810079341,2,1
1,87,1,22,aa,1680.6868336603814,6,5
2,20,1,22,aa,1681.1324394576598,6,1
1,87,2,22,aa,1681.3804159700321,6,1
1,58,2,15,aa,1682.400914861854,2,4
1,32,2,42,aa,1682.4247677655849,6,3
1,88,2,42,aa,1683.177454305612,2,1
2,61,2,15,aa,1684.469419235712,1,1
1,61,2,42,aa,1684.9931927392788,6,1
1,61,2,44,aa,1685.5123120878413,7,1
1,20,2,28,aa,1685.9833825557398,6,4
1,14,2,60,aa,1686.249050080494,1,4
1,20,1,43,aa,1686.7329695893634,2,1
1,54,2,47,aa,1686.8728474151383,2,3
1,49,1,47,aa,1686.883533781512,7,5
2,51,2,43,aa,1687.5643591565763,5,3
2,15,2,43,aa,1687.8889914284891,7,4
2,23,2,43,aa,1699.3391500408836,7,4
2,89,2,43,aa,1704.6200445999261,2,3
2,20,2,43,aa,1704.6247365807592,5,5
2,58,2,25,aa,1704.9483754300534,2,5
2,63,1,47,aa,1706.3052314972542,2,3
2,20,2,46,aa,1711.456157831642,2,3
2,70,1,46,aa,1711.4784960418256,4,1
2,70,2,54,aa,1713.6470975871296,7,4
2,52,2,47,aa,1715.1188323738606,3,4
2,44,1,49,aa,1716.7294043884144,4,1
2,46,2,47,aa,1717.2016368624445,4,5
2,50,2,47,aa,1717.9881075630487,4,5
2,84,2,43,aa,1718.9289490436643,7,5
1,23,2,43,aa,1725.8580855693838,4,1
2,60,2,15,aa,1726.6248284246324,3,1
2,20,2,63,aa,1730.7860147054653,4,4
2,20,1,51,aa,1740.0605619308235,5,4
2,42,1,43,aa,1741.2500457532306,5,1
2,90,1,48,aa,1742.649653075373,5,4
2,28,1,43,aa,1745.1034890917506,7,1
2,20,1,43,aa,1745.8803693838618,7,4
2,89,1,51,aa,1746.0320163330387,7,1
2,88,2,47,aa,1747.5595709157903,4,3
2,20,2,35,aa,1750.0253301615444,5,3
2,20,2,35,aa,1753.2004842338367,4,3
2,62,1,20,aa,1755.8133335693801,4,1
1,20,2,20,aa,1756.9600551532715,4,1
1,70,2,61,aa,1757.0949981023678,4,3
1,62,1,61,aa,1759.4600733288228,3,3
1,34,1,63,aa,1759.9144754632257,5,3
1,62,1,15,aa,1777.385439010325,4,1
1,81,1,15,aa,1777.9744537739164,7,3
1,51,1,53,aa,1778.7269754230063,2,1
1,62,1,60,aa,1781.516619508957,5,5
1,21,1,36,aa,1786.515680590415,7,5
1,21,1,47,aa,1790.0368063073709,2,5
2,58,2,63,aa,1810.3587264279015,5,1
2,20,2,23,aa,1811.6680202364823,2,1
2,49,2,0,aa,1814.4654151793038,1,1
2,86,2,22,aa,1814.9495204126963,2,1
2,30,2,63,aa,1816.5350486424932,6,1
2,20,2,44,aa,1817.5021635873522,1,1
2,39,2,7,aa,1817.6547355601554,5,1
2,32,2,19,aa,1818.0968429091345,5,3
1,24,2,22,aa,1819.1383745066119,2,3
2,52,2,52,aa,1820.1246163380313,5,3
2,39,1,63,aa,1821.5937707527357,5,3
1,69,2,25,aa,1821.612460196963,5,1
2,39,2,52,aa,1821.7509695678864,2,1
1,60,2,1,aa,1825.872171985767,2,3
1,22,1,10,aa,1826.4265966483322,2,1
1,32,1,35,aa,1826.8473266200388,2,3
2,22,2,59,aa,1827.4321643660862,1,3
2,60,1,0,aa,1827.8366974003454,5,5
1,45,2,0,aa,1828.4410103513708,6,1
2,39,1,11,aa,1828.9037037844018,5,1
1,53,1,44,aa,1830.874296037632,5,3
1,49,1,45,aa,1831.9820255892064,1,1
1,90,1,19,aa,1840.0072226917928,3,4
1,20,1,10,aa,1840.0438340550866,3,2
2,27,2,45,aa,1840.2155520625072,2,3
2,53,1,57,aa,1840.493199932892,1,2
1,53,1,15,aa,1841.4795635187484,2,2
1,20,1,45,aa,1842.394159336749,3,3
1,31,2,23,aa,1842.7108222466222,1,4
1,58,1,45,aa,1844.7575452206117,1,2
2,64,1,35,aa,1844.8827276094105,3,2
1,69,2,14,aa,1845.4706184252705,4,5
1,54,2,9,aa,1859.2290084986826,3,3
1,21,1,9,aa,1859.5787194315596,3,1
1,79,1,22,aa,1860.4923020987849,3,4
2,79,1,19,aa,1860.8696008358802,1,2
1,20,1,36,aa,1861.323202493781,1,5
1,51,1,4,aa,1862.5933645997231,2,5
2,21,1,25,aa,1863.313624774184,5,1
1,36,1,29,aa,1866.1501043356495,2,2
1,49,1,50,aa,1866.1722377991061,2,3
1,82,1,22,aa,1866.5455245853834,1,2
1,50,1,6,aa,1868.3261406907689,3,4
1,83,1,50,aa,1871.1203676315404,2,2
1,41,1,33,aa,1871.6879177870605,1,2
2,44,1,8,aa,1876.6680962857072,1,2
2,49,2,33,aa,1881.4603397599956,6,3
2,78,2,13,aa,1883.7914859652103,6,3
2,78,2,22,aa,1885.1272438434573,4,2
2,70,2,63,aa,1886.6503597235821,3,3
2,78,2,36,aa,1887.8045868511094,3,1
2,78,2,18,aa,1887.98654220806,5,1
1,79,2,2,aa,1888.5048278177655,5,1
1,44,1,1,aa,1888.5868100054834,4,4
2,22,1,28,aa,1889.7936726725964,6,4
1,22,2,34,aa,1890.0842311262975,6,4
2,82,2,36,aa,1890.748987496638,3,4
1,22,2,11,aa,1891.9668634009452,5,3
2,36,2,50,aa,1892.199980367059,5,4
2,79,2,62,aa,1893.3677980828852,3,4
1,79,2,61,aa,1896.239189475251,4,1
2,37,1,0,aa,1900.7880277881438,4,4
1,79,1,28,aa,1903.9241770509814,7,2
1,47,1,56,aa,1912.0591996851672,6,2
1,78,1,17,aa,1912.1643948388053,6,4
2,70,2,28,aa,1912.841145925094,4,2
1,26,1,23,aa,1913.8309981084772,7,2
2,21,1,62,aa,1913.8727208982152,4,1
1,45,1,63,aa,1914.1688519981963,6,5
2,78,1,55,aa,1914.4919332637648,7,2
1,78,2,54,aa,1914.727653447754,7,4
2,82,1,55,aa,1914.8048227614538,7,1
1,21,2,33,aa,1915.5161664679677,5,2
2,47,1,63,aa,1915.6162906800164,7,2
2,79,2,7,aa,1915.7826206033174,7,1
2,78,2,37,aa,1916.0198942832606,7,4
1,30,2,12,aa,1916.8636624759476,7,5
1,59,2,51,aa,1917.0782771728943,3,5
1,44,1,57,aa,1917.7471309263133,7,4
1,21,1,15,aa,1917.9733369814567,7,5
1,78,1,8,aa,1918.545474342638,7,5
2,21,2,5,aa,1918.6198832710818,7,5
2,79,2,61,aa,1918.954887328319,3,5
2,37,1,37,aa,1924.7317119618453,3,5
2,85,1,6,aa,1935.6805382066348,3,3
2,49,1,60,aa,1952.0574546573675,2,5
2,14,2,34,aa,1954.4615802182877,4,3
2,69,1,22,aa,1956.147326599583,2,3
2,69,2,61,aa,1960.1580124625195,3,5
2,38,2,52,aa,1961.4523506197281,4,3
2,48,2,15,aa,1964.0328909619404,3,5
2,24,2,14,aa,1965.8638148358168,3,5
2,68,2,52,aa,1967.27000890927,3,3
2,84,2,52,aa,1971.1907748323642,6,3
2,84,2,53,aa,1982.334587745315,6,5
2,36,1,36,aa,1984.8160900495573,3,3
2,86,2,15,aa,1987.44123025272,4,3
2,64,2,36,aa,1988.0701788938723,4,5
2,87,2,14,aa,1988.3449596323205,2,3
2,90,1,57,aa,1991.4545919978898,2,4
2,86,1,16,aa,1993.8968771051686,3,4
2,27,1,56,aa,1997.0320639705149,2,3
1,51,1,48,aa,2000.6128076795817,2,1
1,37,2,14,aa,2004.7437820120035,2,3
1,37,1,20,aa,2007.679477277488,4,4
1,51,1,55,aa,2012.8494913483657,3,1
1,44,1,10,aa,2013.3263000385016,3,5
2,54,2,39,aa,2033.240632673478,3,5
1,45,2,13,aa,2034.5579300465145,6,3
1,83,1,30,aa,2037.265494411629,6,3
1,30,1,36,aa,2038.8297852791898,4,4
1,46,1,61,aa,2039.0871986128047,4,4
2,29,1,0,aa,2039.680253489184,4,1
1,89,2,35,aa,2040.7050708886427,6,4
2,31,2,20,aa,2042.7582765250736,4,4
1,64,2,35,aa,2043.451594328884,6,1
2,35,2,24,aa,2045.5866113358004,6,4
1,31,2,50,aa,2046.3802254914312,4,4
1,54,1,57,aa,2052.0689898315113,5,2
1,81,2,31,aa,2052.3092022774913,6,3
1,81,2,57,aa,2052.3401087586876,3,1
1,38,2,55,aa,2052.5543032432297,3,2
1,54,1,52,aa,2054.1959251874596,3,1
1,55,2,4,aa,2054.226403815477,3,3
2,54,2,31,aa,2054.773493330862,6,4
1,55,1,37,aa,2055.0772101933094,5,1
1,81,2,4,aa,2055.6897215199742,5,1
2,14,2,52,aa,2064.3583625568467,6,3
1,53,1,23,aa,2067.640083505873,6,1
1,46,1,3,aa,2067.694528388612,3,1
2,53,2,42,aa,2069.838172745526,5,3
2,81,2,54,aa,2072.0187608262195,2,1
2,29,1,56,aa,2073.594986465193,5,3
1,53,2,42,aa,2074.7384420017656,3,1
1,15,2,56,aa,2076.257322001463,3,3
1,29,2,56,aa,2077.429490064136,3,3
1,53,2,42,aa,2079.551630774005,5,4
2,36,2,54,aa,2088.642568707461,3,5
2,55,2,37,aa,2088.9971639261344,2,1
2,34,2,56,aa,2089.5694560938846,2,5
2,55,2,0,aa,2089.976900665041,2,2
2,76,1,0,aa,2090.029465946116,2,2
2,15,1,22,aa,2090.1970257561675,2,5
2,31,1,25,aa,2090.3581079156124,2,5
2,29,1,28,aa,2090.675880634589,3,4
1,33,1,52,aa,2090.706372160359,2,5
1,31,1,42,aa,2091.1574460666916,2,1
2,17,1,42,aa,2091.2465636045854,2,5
2,55,1,22,aa,2091.258818667328,2,1
2,55,1,58,aa,2092.268461316047,2,4
2,29,1,53,aa,2092.894280048857,6,1
2,55,1,52,aa,2093.1670636674976,3,2
2,55,1,30,aa,2093.555723329584,1,2
2,31,1,52,aa,2093.7768279742913,1,5
2,55,1,58,aa,2093.8791633653036,1,2
2,76,1,39,aa,2094.285239187105,1,5
1,55,1,4,aa,2094.93055121722,1,1
1,83,1,27,aa,2095.405954716052,1,4
1,82,1,11,aa,2097.0255011092427,1,2
1,52,1,47,aa,2097.619200900415,5,5
2,52,1,43,aa,2099.674737941582,3,4
2,52,2,42,aa,2102.869978419726,5,3
1,82,2,42,aa,2104.7554905306115,5,3
1,82,2,33,aa,2109.401343438399,6,3
2,52,2,46,aa,2110.8708478158746,5,1
2,36,2,3,aa,2112.4107553700355,1,1
1,17,2,28,aa,2114.1739288134445,3,3
2,17,2,3,aa,2115.2465579560667,6,1
1,31,2,15,aa,2116.4529539356054,4,4
1,31,1,28,aa,2118.7620096422916,6,1
1,18,2,39,aa,2124.3394804879135,4,3
1,41,1,14,aa,2124.993695901075,6,3
1,40,1,47,aa,2125.393932789589,1,3
1,80,1,3,aa,2128.7436976848917,7,4
2,68,1,47,aa,2134.584632853998,3,3
1,80,1,36,aa,2134.7523425745653,4,1
2,42,1,42,aa,2143.4684345594164,7,3
2,66,1,22,aa,2160.918110770897,1,3
2,31,1,52,aa,2161.194753386825,1,3
2,83,1,0,aa,2162.3424075789285,6,1
2,35,1,53,aa,2162.4307305073594,7,1
2,54,1,58,aa,2162.8605290333485,3,1
2,83,1,30,aa,2163.5696442298754,6,1
2,77,2,12,aa,2163.610256772117,3,5
2,66,1,0,aa,2163.826892333168,4,1
2,31,2,52,aa,2164.1453140837125,6,1
2,54,1,5,aa,2165.170790386345,5,5
2,55,1,52,aa,2166.743359392703,5,1
1,18,1,0,aa,2166.9861490376766,5,1
1,82,2,57,aa,2168.03151338591,4,1
1,83,2,15,aa,2168.277666509397,7,2
1,55,2,46,aa,2169.470950825005,1,1
1,55,2,1,aa,2173.13061581949,7,4
1,30,2,6,aa,2174.5245030730393,3,5
1,36,2,5,aa,2174.92159047761,5,3
2,16,2,53,aa,2175.796881461335,5,4
1,74,2,30,aa,2181.3035260119104,4,3
1,42,2,55,aa,2190.870805079255,4,5
2,74,2,59,aa,2191.559575818752,6,4
2,37,2,59,aa,2200.5328768045765,4,4
2,29,2,58,aa,2201.444781536052,4,5
2,29,2,31,aa,2201.4704273390576,4,3
2,67,2,31,aa,2202.4659981941186,5,2
1,71,2,58,aa,2203.0778548710405,6,3
1,31,2,24,aa,2203.461120370101,5,4
2,30,1,18,aa,2203.6785080325076,7,4
2,44,1,24,aa,2204.3642923306325,3,2
2,71,2,17,aa,2204.87244857102,5,4
2,30,2,58,aa,2204.9494973648184,4,4
1,30,1,3,aa,2205.2258930195444,6,2
2,71,2,3,aa,2205.6729061575916,1,3
2,29,2,11,aa,2205.9004748909847,7,3
2,67,2,28,aa,2207.1064725230412,5,5
2,33,1,0,aa,2214.371995626444,5,5
2,40,1,5,aa,2223.2143717571985,3,4
1,15,2,0,aa,2227.180771261805,6,4
1,15,1,45,aa,2227.6285690210802,4,4
2,40,1,29,aa,2234.4291287092924,7,4
1,22,2,5,aa,2236.371683267885,4,4
2,41,2,22,aa,2236.560533704333,7,2
1,40,2,54,aa,2236.979649976141,4,4
2,31,2,37,aa,2239.527141694204,6,4
2,78,2,10,aa,2272.490295177478,1,2
1,66,2,23,aa,2274.494104142816,3,5
1,75,2,14,aa,2275.3354632487176,4,2
2,78,2,0,aa,2279.928738418487,7,4
1,78,2,46,aa,2282.566784389288,7,2
2,15,2,31,aa,2284.967246386332,4,2
1,35,2,46,aa,2287.4382619180815,6,2
1,40,2,35,aa,2287.648164323248,6,2
2,28,2,45,aa,2289.331079890585,4,2
2,28,2,32,aa,2296.606191697791,4,2
1,28,2,37,aa,2303.0621904773707,6,2
